recency,frequency_item,frequency_order,monetary,cluster_sec
325,1,1,0.0,1
2,103,7,4310.0,0
75,22,4,1797.24,3
18,73,1,1757.55,3
310,17,1,334.4,1
36,59,8,2385.71,0
204,4,1,89.0,1
232,58,1,1079.4,1
214,13,1,459.4,1
22,53,3,2811.43,3
33,131,1,6207.67,0
1,13,2,1168.06,3
57,214,4,6140.4800000000005,6
52,105,3,2662.06,0
287,10,1,189.9,1
3,201,10,5154.58,6
109,23,2,552.0,3
7,70,4,1313.1,0
291,22,2,641.38,1
4,11,1,168.9,3
51,143,4,3541.94,0
44,63,2,1887.96,3
71,34,3,1298.04,3
311,14,1,364.6,1
25,33,1,742.9300000000001,3
10,14,2,455.42,3
315,72,2,1628.12,1
129,219,1,4008.62,0
81,39,2,850.29,3
21,77,4,2720.56,0
4,70,5,1803.96,0
184,84,5,1839.31,1
28,26,2,566.16,3
337,10,2,401.9,1
15,57,6,2780.66,0
79,32,1,549.84,3
21,92,1,439.66,3
72,47,4,1582.6000000000001,3
63,26,2,1272.48,3
19,91,12,2998.28,0
35,110,2,2409.9,0
45,85,1,1635.6599999999999,3
119,47,4,1108.65,3
303,5,1,84.3,1
323,11,1,225.6,1
49,5,1,409.7,3
148,54,1,1710.39,3
22,92,2,3280.75,0
49,57,5,1708.1200000000001,3
32,81,5,2842.7,0
78,91,3,11056.93,0
308,26,2,681.0799999999999,1
74,43,3,1226.88,3
66,29,3,694.15,3
217,16,3,562.41,1
24,444,21,123638.18,5
3,158,9,3578.8,0
112,34,1,668.58,3
63,29,1,600.39,3
15,32,4,807.04,3
95,39,3,803.5600000000001,3
0,97,8,1849.11,0
162,30,2,1760.96,1
78,36,1,777.2,3
194,30,1,582.73,1
21,26,3,708.37,3
25,258,9,7877.2,6
9,82,4,3750.4,0
43,11,1,256.4,3
35,163,15,6348.89,0
42,107,5,5059.32,0
0,219,7,13375.87,6
84,46,2,792.94,3
79,31,2,7829.89,3
99,16,1,509.01,3
1,119,18,4896.66,0
14,84,2,2906.85,0
366,11,1,173.55,1
3,12,1,172.06,3
21,138,5,5005.46,0
22,4,1,133.4,3
57,58,1,1002.3100000000001,3
243,26,1,476.49,1
44,22,1,449.45,3
22,118,4,4067.29,0
156,7,2,197.88,1
10,265,5,8933.52,6
16,21,2,428.57,3
134,43,1,707.09,3
56,15,1,0.0,3
73,85,6,2466.86,0
44,105,3,3153.89,0
66,53,7,1925.43,3
71,35,2,947.4,3
94,35,2,826.88,3
18,51,2,1124.01,3
53,65,4,1283.58,3
10,6,8,1212.05,3
17,46,2,733.89,3
187,36,2,724.04,1
2,150,30,18744.17,7
32,219,7,6363.18,6
29,140,5,2837.73,0
17,253,18,7141.27,6
53,36,1,723.38,3
15,177,11,6573.48,0
22,191,6,13127.76,6
3,36,1,680.99,3
11,31,1,477.3,3
28,129,4,3281.63,0
22,150,10,5574.36,0
17,46,8,2327.13,0
32,256,6,4480.87,6
9,46,3,1298.66,3
336,15,1,334.93,1
5,131,10,5417.93,0
38,25,1,460.40000000000003,3
63,19,2,263.21000000000004,3
165,20,2,416.79,1
15,63,7,1144.3,0
81,14,1,1043.1,3
21,21,3,403.70000000000005,3
23,34,11,4206.27,0
336,149,1,2089.68,1
95,102,5,3723.87,0
18,6,2,146.65,3
232,23,1,73.5,1
134,19,3,1263.56,3
26,57,2,397.88,3
284,7,1,176.5,1
142,29,2,982.5699999999999,3
66,31,2,132.18,3
112,35,1,586.79,3
267,51,1,1017.68,1
353,16,1,383.7,1
77,20,2,1312.06,3
28,232,5,2443.65,6
0,84,5,2056.89,0
63,17,1,330.84,3
79,121,5,2595.26,0
142,38,1,599.68,3
39,11,2,192.72,3
19,84,11,1745.57,0
9,113,8,4485.72,0
0,64,3,1316.66,3
81,18,3,348.71000000000004,3
9,50,6,1922.28,3
59,51,4,1623.63,3
14,17,1,125.22,3
30,16,1,349.83000000000004,3
130,63,1,1089.18,3
91,28,2,716.35,3
43,260,3,4151.26,6
29,21,1,363.95,3
22,157,4,5568.35,0
19,277,17,13321.789999999999,6
29,46,3,981.18,3
36,19,1,355.7,3
75,42,2,1000.39,3
46,59,2,1141.5,3
197,7,2,207.79999999999998,1
166,5,1,95.19999999999999,1
79,57,1,964.83,3
357,10,1,168.0,1
38,20,2,437.82,3
8,95,10,3652.25,0
50,100,2,599.56,0
16,15,5,11990.960000000001,3
7,11,1,0.0,3
310,21,2,536.21,1
5,91,3,2110.31,0
302,16,1,238.85,1
8,99,7,3781.7400000000002,0
261,21,1,456.9,1
288,9,1,131.17,1
86,19,1,346.7,3
22,323,10,9114.94,6
2,92,32,4064.9900000000002,7
39,31,2,519.61,3
8,53,2,1004.72,3
227,26,1,160.54000000000002,1
315,11,1,218.45,1
35,72,5,1306.98,0
35,137,3,595.4,0
21,111,2,2772.26,0
78,29,1,410.72,3
246,24,1,415.7,1
39,15,1,197.71,3
238,21,2,511.36,1
2,115,15,7187.34,0
3,44,9,1918.75,0
234,77,2,1984.51,1
17,11,1,196.94000000000003,3
7,4,1,144.0,3
39,10,1,214.89999999999998,3
28,29,2,646.68,3
211,68,2,9861.380000000001,1
317,26,1,452.84999999999997,1
92,11,2,437.6,3
108,14,3,418.09999999999997,3
37,50,10,3320.2200000000003,0
51,25,2,618.27,3
19,184,4,3683.13,0
9,84,8,3002.68,0
29,32,7,1032.58,3
28,32,10,2581.04,0
189,21,5,569.5600000000001,1
58,12,1,153.12,3
21,3,1,739.1999999999999,3
79,15,2,254.18,3
60,101,1,0.0,3
78,57,3,1126.85,3
22,85,5,2057.99,0
52,65,1,1193.32,3
74,19,1,643.59,3
57,124,5,3218.98,0
277,20,1,315.6,1
2,82,4,2291.19,0
95,25,2,657.25,3
29,39,1,352.98,3
21,11,1,177.31,3
16,50,9,3214.81,0
14,89,3,1339.41,0
1,261,20,13612.07,6
232,11,1,180.1,1
276,18,1,305.1,1
106,36,2,641.13,3
211,73,2,2619.42,1
23,232,9,6388.35,6
10,162,7,4478.53,0
4,34,3,769.61,3
9,60,2,1270.88,3
57,31,1,640.5,3
58,73,4,2140.63,3
89,96,2,1689.18,3
67,205,8,5934.25,6
33,39,1,671.69,3
238,22,1,486.1,1
23,47,3,1174.58,3
115,10,1,185.9,3
25,39,3,1013.26,3
128,11,6,3344.64,3
129,31,1,477.91,3
33,58,4,1755.38,3
4,43,2,1346.97,3
22,79,12,3671.92,0
154,21,1,318.05,1
107,28,3,623.51,3
3,20,1,314.44,3
334,9,1,114.0,1
331,48,1,914.53,1
148,37,2,2209.85,3
10,31,5,601.98,3
17,89,5,4022.5699999999997,0
11,35,4,1152.06,3
18,36,1,686.05,3
29,5,1,91.68,3
11,13,1,245.1,3
0,129,11,3817.08,0
8,10,9,4863.88,3
324,3,1,63.0,1
58,33,1,620.13,3
11,115,4,3743.18,0
150,98,3,1607.73,3
10,58,5,2986.15,0
329,10,1,225.89999999999998,1
5,42,2,610.52,3
38,52,4,1922.36,3
24,33,6,1331.39,3
42,105,12,17588.26,0
58,43,4,1070.47,3
0,33,4,862.81,3
14,267,22,13677.59,6
3,209,31,12279.82,7
4,177,15,8242.34,6
7,61,7,2283.63,0
28,117,6,2863.08,0
371,7,1,89.14,1
113,171,1,4873.8099999999995,0
25,57,2,1247.61,3
205,16,1,389.01,1
28,21,6,1035.8,3
127,35,4,830.96,3
70,32,2,869.67,3
7,23,4,582.1,3
28,37,3,939.02,3
7,193,4,4867.99,0
79,50,2,797.71,3
19,12,1,219.0,3
71,21,1,274.7,3
7,64,8,2220.84,0
15,228,9,6815.14,6
291,33,1,603.42,1
29,86,10,2616.32,0
15,93,15,9387.34,0
96,75,3,1130.57,3
28,58,13,4254.38,0
0,38,1,848.55,3
9,216,5,4708.86,6
106,20,1,343.36,3
3,60,2,1053.49,3
151,49,2,980.98,3
71,19,1,238.25,3
5,34,2,608.1,3
2,211,25,5713.28,7
31,133,6,2656.13,0
85,50,4,938.23,3
3,53,5,725.07,3
5,47,4,1031.41,3
371,24,1,427.8,1
28,57,7,2609.1,0
10,109,7,3947.7,0
71,38,4,836.33,3
113,26,1,453.01,3
23,109,12,18786.41,0
179,12,1,236.26000000000002,1
234,22,1,383.95,1
352,4,1,110.39999999999999,1
315,38,2,779.5699999999999,1
332,4,1,234.0,1
372,11,1,155.35,1
78,38,2,1013.04,3
63,27,1,427.6,3
134,114,2,540.13,0
51,178,7,15188.45,0
2,42,11,4196.01,0
0,1768,210,31304.15,4
3,160,5,3868.2,0
128,15,1,275.88,3
81,53,1,4366.78,3
22,132,6,21024.78,0
235,49,3,3010.74,1
280,4,2,2220.75,1
86,4,1,112.07999999999998,3
15,237,13,4220.25,6
116,84,2,2791.59,3
52,81,3,1531.44,3
7,62,2,1898.52,3
138,16,2,494.08,3
316,45,1,1693.88,1
3,205,7,6989.63,6
238,32,1,1143.6,1
210,12,1,1351.45,1
59,55,1,892.47,3
17,47,5,1351.24,3
19,40,6,804.23,3
37,88,8,3868.7,0
63,25,2,707.48,3
4,81,5,2273.32,0
2,76,6,1603.8700000000001,0
9,54,2,532.8199999999999,3
364,14,1,306.1,1
9,17,3,463.66,3
65,4,1,91.85,3
192,21,1,324.92,1
373,2,1,192.60000000000002,1
256,25,1,400.53999999999996,1
334,21,2,545.48,1
53,43,2,860.41,3
18,14,1,430.48,3
365,13,1,194.18,1
10,6,3,6977.04,3
186,25,1,412.58,1
36,27,3,483.65000000000003,3
177,25,1,484.36,1
260,27,3,514.85,1
44,15,1,229.64000000000001,3
101,2,1,125.92,3
147,38,2,1063.46,3
95,27,2,572.2,3
281,4,1,166.04,1
261,14,1,1520.38,1
3,55,4,942.34,3
214,6,1,92.72,1
70,41,2,918.98,3
74,1,5,1759.5,3
59,25,1,397.12,3
2,58,7,1468.1200000000001,0
5,19,3,430.15000000000003,3
2,46,6,1018.71,3
336,9,2,253.05,1
37,13,6,6814.64,3
262,9,1,215.05,1
32,27,2,383.03,3
145,24,1,417.38,3
282,18,1,312.38,1
59,148,4,2610.36,0
173,12,1,134.1,1
33,115,2,671.95,0
2,95,14,5588.12,0
143,67,4,2714.27,3
4,229,25,3870.48,6
70,34,2,1118.99,3
65,69,8,1680.76,0
29,47,2,325.96000000000004,3
267,26,4,354.09,1
22,72,1,843.64,3
31,47,2,1010.29,3
96,43,1,131.81,3
294,17,1,299.75,1
134,66,6,1881.7,3
78,95,3,1299.55,0
372,3,1,38.1,1
7,155,6,2153.53,0
210,37,2,1106.4,1
52,5,1,521.2,3
138,3,1,147.12,3
26,86,2,1568.23,0
283,26,1,559.12,1
26,240,7,3970.47,6
185,72,6,1607.0600000000002,1
84,8,2,380.64,3
326,58,2,599.97,1
282,4,1,374.0,1
143,1,2,343.2300000000001,3
57,67,2,2218.02,3
3,100,12,1535.77,0
236,38,2,841.64,1
44,7,3,555.37,3
275,7,1,298.0,1
9,12,2,1463.04,3
24,39,4,703.47,3
88,7,1,309.05,3
63,66,3,1158.27,3
67,75,2,1351.09,3
214,4,2,313.77,1
24,78,1,376.71999999999997,3
185,2,3,331.0,1
30,27,1,176.55,3
42,22,2,347.3,3
204,3,2,216.5,1
8,30,28,16298.86,7
264,10,1,138.68,1
18,59,2,496.06,3
11,55,5,2919.81,3
176,1,2,750.0,1
39,78,5,2128.83,0
23,48,8,3075.04,0
2,17,5,1662.3,3
4,37,5,2483.63,3
148,19,2,363.65,3
138,53,4,2923.15,3
128,2,1,594.0,3
8,34,6,1301.44,3
17,27,1,162.78,3
9,233,37,16395.79,7
161,28,1,405.38,1
64,28,1,172.82,3
88,22,4,930.3100000000001,3
4,42,2,694.05,3
35,59,5,2062.7000000000003,3
311,8,1,102.9,1
78,20,2,409.9,3
21,28,15,33596.61,7
24,102,3,607.53,0
2,80,7,2156.45,0
17,56,4,1012.9,3
15,81,4,1504.27,0
25,9,1,114.14,3
64,21,8,11581.8,3
54,87,2,863.6899999999999,3
131,68,3,675.6,3
35,29,2,604.51,3
288,23,1,462.95,1
143,83,6,1407.29,3
16,82,7,2053.7,0
30,166,8,4143.02,0
2,13,3,1843.0,3
8,53,6,1050.57,3
5,64,4,1382.8400000000001,3
9,17,1,329.85,3
1,81,11,4734.26,0
306,19,1,108.07,1
9,208,8,3979.04,6
7,15,2,266.39,3
8,75,8,1856.63,0
89,108,1,769.8100000000001,3
9,10,1,160.18,3
358,19,2,1276.55,1
112,5,1,135.95,3
7,116,4,405.47,0
3,94,86,10969.76,7
197,8,1,144.8,1
211,22,1,738.6,1
156,9,1,39.239999999999995,1
157,6,9,7092.06,3
29,12,2,372.21999999999997,3
242,28,1,377.2,1
18,4,1,97.5,3
0,73,2,1215.6200000000001,3
73,27,2,545.0,3
292,75,1,505.82,1
3,41,15,6854.51,0
31,8,3,409.5,3
23,31,2,503.76,3
23,26,4,414.76,3
4,52,3,902.22,3
85,3,1,200.72,3
22,45,4,1197.94,3
196,25,3,455.88,1
106,30,3,534.85,3
4,166,13,9766.32,0
318,7,1,120.94999999999999,1
105,4,3,149.05,3
11,277,18,5629.23,6
173,21,2,468.95,1
56,4,1,81.57,3
323,14,1,229.46999999999997,1
372,3,1,50.550000000000004,1
9,67,8,1301.72,0
1,155,13,4786.99,0
10,67,10,3367.0299999999997,0
53,156,5,3339.64,0
73,39,3,789.89,3
7,1,1,204.0,3
16,313,28,7272.75,6
4,101,9,2611.4300000000003,0
64,36,2,689.9,3
1,32,5,958.77,3
113,6,6,6912.0,3
22,40,2,659.68,3
30,8,3,1247.5,3
11,76,2,752.4399999999999,3
52,55,2,996.52,3
357,11,1,190.55,1
54,37,2,642.77,3
73,23,2,887.13,3
138,44,3,881.07,3
80,24,3,908.46,3
8,38,2,676.99,3
273,13,1,471.57,1
291,33,1,560.47,1
99,18,1,305.28000000000003,3
30,33,2,629.31,3
31,106,10,3092.05,0
14,77,4,1789.41,0
64,14,2,656.6800000000001,3
14,246,17,5683.16,6
212,18,1,348.15000000000003,1
78,74,3,1201.96,3
24,5,3,271.40000000000003,3
249,8,1,183.4,1
253,15,1,307.53,1
72,10,1,248.61,3
191,11,1,346.98,1
12,51,4,1105.59,3
373,14,1,205.86,1
24,48,2,430.90000000000003,3
82,14,1,115.46000000000001,3
10,1,2,344.0,3
0,281,24,3778.97,6
192,9,1,228.8,1
266,7,1,177.15,1
129,22,1,919.61,3
1,99,4,728.02,0
3,95,26,12434.23,7
4,2,5,220.10000000000002,3
179,6,1,58.08,1
11,503,11,28059.41,6
126,63,9,3595.48,0
4,15,2,303.75,3
157,17,2,272.38,1
2,636,97,57306.590000000004,5
8,98,14,8719.09,0
28,21,1,319.82,3
70,19,5,459.83,3
275,97,8,7797.58,1
21,4,12,1708.8600000000001,3
70,6,1,74.39999999999999,3
32,214,10,5904.67,6
1,156,28,28750.56,7
99,1,1,207.35999999999999,3
234,8,1,101.19,1
1,140,24,6342.19,7
39,8,1,243.94,3
3,14,6,1098.48,3
133,1,1,59.5,3
44,54,4,1524.07,3
372,10,1,350.06,1
59,41,2,766.84,3
31,109,7,1456.8700000000001,0
0,95,24,10792.2,7
11,88,4,2225.18,0
138,30,1,485.19,3
21,66,8,984.91,0
19,68,5,1138.41,0
238,1,1,30.599999999999998,1
269,50,1,254.73,1
94,54,2,922.39,3
89,185,3,3756.33,0
4,124,8,2056.29,0
77,15,1,259.17,3
94,2,1,64.0,3
23,30,3,1039.3,3
261,3,1,77.3,1
273,7,2,109.8,1
85,94,4,1740.63,0
196,1,1,3096.0,1
56,94,5,2567.13,0
10,345,8,3603.29,6
22,31,6,962.39,3
16,132,7,5055.79,0
108,40,3,422.47,3
84,113,5,2385.8,0
19,23,1,307.09,3
332,3,1,110.95,1
39,5,4,614.77,3
26,16,1,228.91,3
10,1,4,712.8000000000001,3
29,231,12,3495.87,6
14,76,4,1676.06,0
295,73,1,1250.3700000000001,1
5,15,1,486.22,3
33,67,4,971.76,3
49,69,4,1721.57,3
94,59,4,1201.06,3
8,114,4,1371.25,0
22,4,1,91.8,3
313,8,1,112.75,1
122,74,4,1644.99,3
46,40,2,1021.48,3
283,39,1,414.7,1
18,51,4,791.33,3
36,102,4,1291.54,0
63,11,2,712.88,3
26,29,1,108.81,3
21,37,3,426.81,3
4,41,2,353.65,3
16,228,3,2742.82,6
46,66,1,481.49,3
64,17,1,282.45,3
26,95,11,5725.47,0
45,11,1,121.18,3
7,51,9,3957.78,0
14,138,10,1616.45,0
267,1,1,71.4,1
39,69,3,1539.69,3
337,37,1,236.02,1
11,2,1,114.60000000000001,3
18,29,2,260.68,3
95,57,2,911.94,3
61,22,1,112.08,3
135,3,1,60.7,3
11,97,4,1797.78,0
10,199,6,3386.04,0
3,48,38,9803.96,7
19,42,4,870.09,3
9,56,4,869.46,3
15,7,2,250.26000000000002,3
58,124,6,1199.65,0
30,255,8,5843.76,6
93,22,1,353.48,3
10,45,3,1095.42,3
19,128,3,779.33,0
56,82,5,1518.43,0
267,5,1,333.74,1
122,3,3,133.62,3
127,5,1,62.63999999999999,3
78,18,4,819.2900000000001,3
240,62,2,847.41,1
200,5,2,163.20000000000002,1
60,101,2,2150.85,0
3,23,7,6083.04,3
273,16,1,108.21000000000001,1
201,9,1,257.7,1
81,2,1,358.0,3
225,10,1,160.95,1
4,393,14,2711.35,6
12,147,7,1328.35,0
74,43,2,605.12,3
212,53,1,1031.07,1
24,34,2,727.27,3
17,20,4,680.83,3
261,22,1,329.56,1
96,59,4,663.65,3
112,12,3,270.40000000000003,3
203,56,1,585.12,1
92,27,1,121.74000000000001,3
50,16,1,430.5,3
18,110,6,1894.32,0
17,18,4,501.12,3
124,25,2,465.68,3
92,21,3,711.41,3
156,35,2,1030.4,1
9,13,2,390.66,3
14,1,1,0.0,3
11,28,3,672.83,3
61,77,1,283.18,3
61,8,1,557.62,3
268,8,2,944.1,1
263,11,1,200.29,1
1,450,35,7436.93,6
53,66,5,2092.66,3
11,82,12,3762.67,0
2,88,19,4418.34,0
17,257,11,3135.9,6
1,177,15,5314.63,6
366,1,1,590.0,1
37,79,1,172.37,3
31,15,2,276.56,3
113,16,1,138.98,3
63,30,2,590.9300000000001,3
15,5,4,258.4,3
40,46,1,542.73,3
78,9,1,126.30000000000001,3
122,67,3,798.46,3
18,29,3,1089.09,3
59,7,2,93.66,3
330,13,1,196.15,1
23,157,4,2709.12,0
155,41,1,361.11,1
38,29,2,578.9399999999999,3
189,48,2,873.74,1
359,10,1,201.20000000000002,1
137,5,1,87.4,3
7,52,4,2089.85,3
1,2,1,360.0,3
268,5,1,142.5,1
169,20,1,365.29,1
103,75,4,618.09,3
155,1,1,63.75,1
351,21,1,300.42,1
4,50,10,2000.86,0
120,1,1,15.0,3
22,49,3,1369.71,3
7,82,5,1456.79,0
28,65,3,1083.63,3
4,25,2,598.57,3
22,47,5,1555.32,3
1,55,3,593.51,3
37,66,4,5732.93,0
66,100,6,2140.92,0
1,14,3,640.76,3
5,209,26,10692.81,7
78,77,4,1475.2,3
72,10,2,567.36,3
17,25,1,199.48000000000002,3
3,6,5,787.85,3
36,25,10,7072.8,0
81,12,1,675.3,3
38,74,8,3617.57,0
316,17,1,1308.48,1
31,16,2,740.4,3
92,37,3,1140.93,3
14,21,1,350.9,3
82,207,3,3502.32,0
77,51,1,795.12,3
157,19,1,432.82,1
200,54,1,860.12,1
45,128,7,10736.48,0
260,42,1,775.85,1
177,19,1,303.93,1
67,115,3,2511.69,0
287,20,1,377.6,1
70,8,1,341.36,3
64,14,1,233.76,3
10,16,1,247.32,3
16,36,2,910.72,3
66,16,1,373.94,3
60,24,1,389.28,3
71,51,1,743.53,3
122,32,1,674.7,3
80,42,1,768.24,3
257,85,1,609.4,1
268,29,1,439.03,1
63,23,1,431.26,3
9,128,4,3085.4900000000002,0
17,47,2,992.5,3
71,10,1,0.0,3
33,122,2,2191.22,0
50,1,1,56.160000000000004,3
256,29,2,623.4,1
365,14,1,263.75,1
371,39,1,721.32,1
89,23,1,378.64,3
60,135,3,3312.25,0
88,37,1,772.9,3
99,45,3,1019.76,3
26,85,3,572.56,0
31,77,6,3626.81,0
280,15,1,222.99,1
30,123,7,4122.28,0
329,35,1,534.57,1
131,35,2,627.15,3
11,50,3,797.96,3
74,13,1,544.08,3
203,1,1,59.8,1
1,124,8,2336.3,0
185,21,1,307.72,1
29,42,2,1325.29,3
72,28,5,1539.18,3
192,26,1,457.34,1
127,32,2,621.23,3
17,3,1,75.0,3
1,11,2,252.49,3
74,25,3,572.451,3
1,234,62,27907.83,7
24,15,5,988.91,3
107,17,1,213.55,3
133,23,3,1390.5,3
43,11,2,712.5,3
4,26,2,640.83,3
11,223,18,5845.44,6
63,16,1,221.06,3
149,8,2,140.35,3
40,88,2,1833.71,0
64,127,1,2601.55,0
108,66,3,1624.21,3
0,103,10,3558.32,0
19,25,3,582.6,3
10,70,1,201.78,3
10,55,4,1006.8,3
18,48,2,652.07,3
67,44,2,1269.1,3
74,9,2,534.24,3
5,68,7,3794.4900000000002,0
1,12,1,196.89,3
14,143,7,3408.06,0
255,54,1,283.71,1
91,13,1,296.64,3
23,55,3,1104.81,3
16,137,6,3460.9900000000002,0
23,19,1,291.88,3
26,32,6,2043.7199999999998,3
26,315,5,2858.46,6
259,1,2,590.0,1
165,16,2,356.97999999999996,1
24,42,2,1008.35,3
17,43,6,1737.8200000000002,3
7,242,14,9537.92,6
29,16,2,183.44,3
38,14,3,1445.0,3
252,9,1,143.25,1
58,41,1,674.68,3
184,17,1,297.95,1
10,89,2,1071.91,0
1,184,37,5656.75,7
99,7,2,165.0,3
1,214,4,2501.84,6
60,21,2,417.54,3
236,59,1,226.84,1
191,64,4,1431.78,1
178,56,2,1092.77,1
37,57,6,1441.53,3
200,14,2,291.0,1
45,98,5,1781.06,0
232,11,1,184.64,1
65,10,1,140.34,3
241,8,1,313.8,1
233,23,1,454.24,1
78,69,3,1122.41,3
57,26,3,575.4,3
17,271,13,8915.56,6
105,11,4,449.52,3
51,73,10,1215.82,0
136,38,3,1269.84,3
275,6,2,618.63,1
311,18,1,316.26000000000005,1
7,34,5,1990.1200000000001,3
10,28,2,617.93,3
282,19,2,321.05,1
17,31,5,1146.96,3
23,60,3,1136.77,3
288,52,1,1314.82,1
16,17,3,292.0,3
71,17,1,216.85,3
64,22,1,295.93,3
72,182,4,4282.88,0
316,26,2,452.82,1
3,146,4,2479.16,0
243,12,1,110.97,1
8,27,7,979.72,3
1,86,4,1785.16,0
260,15,1,251.21,1
126,10,1,205.1,3
73,4,1,152.20000000000002,3
72,50,4,891.12,3
21,43,3,1389.41,3
59,125,3,2109.07,0
85,36,1,627.16,3
78,8,1,110.80000000000001,3
58,49,6,3487.75,3
1,313,3,1071.73,6
30,5,1,125.80000000000001,3
33,157,5,3757.98,0
40,17,5,680.1800000000001,3
14,5,2,628.78,3
33,153,7,2218.61,0
78,15,2,307.76,3
205,17,2,483.8,1
33,66,1,210.31,3
182,61,3,269.09,1
2,119,25,5643.06,7
1,91,7,3444.39,0
43,10,7,1280.85,3
85,35,3,631.34,3
39,76,2,276.06,3
12,72,3,621.09,3
96,114,2,678.16,0
25,37,7,918.2,3
319,4,1,91.80000000000001,1
66,82,12,3539.53,0
73,128,4,4098.88,0
28,31,2,584.06,3
5,123,4,594.52,0
7,32,1,171.42000000000002,3
215,14,1,141.85999999999999,1
81,50,3,1799.33,3
84,49,2,777.53,3
144,68,3,1174.03,3
19,35,2,240.22,3
40,134,2,856.84,0
173,41,1,187.05,1
17,73,2,338.62,3
243,27,1,239.49,1
12,157,12,2088.94,0
205,32,1,1384.25,1
50,24,2,290.25,3
23,41,5,732.0699999999999,3
10,78,18,6703.3,0
25,61,4,1658.3,3
14,19,2,467.04,3
309,10,1,118.0,1
155,53,1,781.03,1
306,24,1,142.4,1
63,8,1,347.0,3
15,131,9,2449.92,0
14,21,2,379.65,3
11,70,6,1976.12,0
64,56,3,1117.13,3
35,15,4,247.95999999999998,3
108,77,5,1965.0800000000002,3
52,26,1,396.97,3
5,133,2,664.11,0
47,33,1,147.29,3
1,171,21,5036.67,6
312,19,1,219.52,1
45,90,2,693.32,3
64,23,1,428.89,3
26,27,1,164.34,3
29,40,3,276.75,3
40,93,1,675.51,3
12,165,7,1065.88,0
89,67,3,1140.8,3
24,171,4,1585.46,0
318,23,1,399.99,1
40,31,3,544.18,3
173,13,1,177.34,1
116,19,1,213.85,3
30,75,5,717.79,0
252,19,1,257.23,1
59,84,5,1624.02,0
23,28,11,7792.36,0
5,51,7,1996.44,0
99,6,11,3021.77,3
24,121,5,2114.68,0
33,156,5,1547.3600000000001,0
67,62,1,1071.03,3
36,57,5,941.62,3
52,79,3,804.3,3
15,8,1,122.64,3
74,39,1,1033.34,3
215,57,1,312.28,1
31,24,3,519.44,3
16,144,4,2597.52,0
120,5,1,252.1,3
9,65,4,1640.22,3
256,23,2,346.6,1
16,79,6,1805.74,0
35,6,2,94.2,3
45,48,3,1095.08,3
43,157,6,2707.33,0
114,52,2,932.97,3
164,49,2,379.65,1
10,16,2,382.14,3
9,91,5,2421.47,0
205,92,2,1544.25,1
85,50,3,862.71,3
179,13,1,189.47,1
60,12,3,84.65,3
149,82,1,299.05,3
2,284,21,6182.37,6
50,9,2,218.55,3
75,25,1,349.7,3
301,4,2,124.26,1
18,47,2,387.44,3
151,25,2,486.82000000000005,3
151,16,1,232.6,3
1,164,4,2199.01,0
17,37,4,827.83,3
187,3,1,59.5,1
285,29,1,62.13,1
2,29,7,3119.44,3
182,8,1,72.0,1
63,6,1,910.0,3
59,9,1,172.25,3
24,48,3,1473.3700000000001,3
3,366,50,63067.14,5
31,46,15,2504.13,0
38,12,1,151.29999999999998,3
155,14,1,308.58000000000004,1
26,139,10,2248.63,0
318,1,1,99.5,1
5,111,9,2295.31,0
7,25,3,711.86,3
302,20,1,330.79,1
267,48,2,806.41,1
271,49,1,285.33,1
3,244,13,6228.71,6
31,8,1,180.48,3
218,11,2,252.06,1
246,10,1,228.84,1
281,89,5,1051.99,1
269,21,1,138.28,1
32,92,6,1432.26,0
246,9,2,306.55,1
15,56,5,1041.68,3
116,42,4,799.9,3
36,28,1,524.14,3
131,75,3,2369.16,3
217,6,1,199.85000000000002,1
49,95,8,1882.36,0
38,39,2,1079.6599999999999,3
28,19,2,333.48,3
36,38,6,1016.14,3
135,38,2,752.6,3
219,36,2,610.59,1
28,33,1,491.86,3
24,158,4,2802.69,0
5,166,2,728.1,0
200,29,1,339.59999999999997,1
18,3,1,216.9,3
240,23,1,350.75,1
71,34,3,666.33,3
16,200,12,3079.27,6
2,8,7,1340.1499999999999,3
95,54,2,1080.52,3
162,25,1,291.54,1
373,1,1,79.6,1
95,24,5,948.25,3
53,20,5,1647.26,3
288,9,1,296.25,1
124,64,6,1175.38,3
287,35,1,741.26,1
151,11,2,282.59999999999997,3
3,232,9,2101.39,6
2,66,14,5145.12,0
11,104,7,3190.55,0
33,24,2,659.4100000000001,3
54,50,2,286.79,3
50,68,2,1070.65,3
218,7,1,0.0,1
63,15,1,1714.96,3
70,183,3,1519.42,0
2,55,37,16945.71,7
2,73,10,2771.87,0
64,114,4,2631.7,0
33,141,3,1122.63,0
81,22,1,345.0,3
0,36,33,25792.88,7
103,9,1,178.7,3
7,56,2,360.01,3
250,17,1,127.84,1
12,96,6,908.86,0
9,9,11,2462.79,3
367,7,1,230.39999999999998,1
75,24,2,309.04,3
4,45,1,348.8,3
127,7,2,1047.68,3
66,13,2,195.55,3
1,113,57,36541.93,7
116,32,2,688.86,3
309,33,1,558.32,1
66,23,1,324.8,3
138,55,3,4179.42,3
255,17,1,277.07,1
30,124,7,2588.39,0
52,10,2,924.6,3
63,10,1,256.38,3
367,7,1,112.6,1
5,70,5,1747.66,0
305,11,1,155.05,1
28,32,3,1499.01,3
183,7,3,591.75,1
42,33,3,539.0,3
39,54,4,1353.41,3
92,37,2,1562.12,3
22,132,4,4014.91,0
23,25,2,557.95,3
29,20,2,382.98,3
301,26,3,1140.35,1
144,51,2,385.64,3
5,90,2,632.0,0
18,39,2,957.66,3
32,34,5,1698.94,3
176,10,1,179.55,1
57,83,3,409.8,3
22,15,1,209.49,3
16,58,6,2198.45,0
19,3,1,40.949999999999996,3
159,28,1,383.85,1
25,48,4,834.57,3
211,17,2,266.59000000000003,1
5,144,4,674.82,0
252,1,1,85.0,1
58,155,9,3385.62,0
11,20,1,361.62,3
64,9,1,312.98,3
24,55,3,853.46,3
92,3,3,1255.0,3
51,97,2,1537.95,0
129,93,1,1586.81,3
95,77,3,2651.46,3
57,23,1,1056.94,3
8,39,25,8025.42,7
168,10,3,363.4,1
57,11,1,216.17,3
326,27,1,201.16,1
1,58,5,1240.0,3
18,97,8,2187.31,0
247,20,1,299.56,1
58,26,4,501.56,3
74,7,1,145.67000000000002,3
31,51,3,1005.09,3
7,32,2,3192.54,3
123,234,4,3083.65,6
2,91,8,2751.25,0
22,155,13,6389.8,0
119,21,3,381.7,3
358,18,1,540.45,1
53,79,5,1786.79,0
63,7,1,122.7,3
86,3,1,117.24,3
54,35,1,1271.57,3
21,125,13,3219.77,0
3,72,20,16989.52,7
2,54,5,1131.28,3
10,108,5,2572.85,0
7,45,5,781.3000000000001,3
189,28,2,506.8,1
71,16,1,243.56,3
204,19,1,349.55,1
119,38,2,595.67,3
92,15,1,416.90000000000003,3
1,74,10,1860.8600000000001,0
26,26,4,632.97,3
297,21,1,821.1,1
23,25,3,537.11,3
28,97,4,2588.12,0
50,17,1,311.16,3
325,12,1,155.93,1
16,19,2,388.52,3
183,42,3,740.95,1
72,144,5,2867.2,0
37,24,2,332.64,3
79,104,4,2347.05,0
57,120,9,2580.91,0
11,28,2,613.95,3
49,16,2,272.04,3
49,30,2,1212.8400000000001,3
59,24,2,350.15999999999997,3
351,7,1,172.25,1
53,20,1,351.13,3
1,90,6,1682.93,0
92,28,4,616.65,3
23,11,1,223.85000000000002,3
74,21,1,348.99,3
10,23,4,464.57,3
169,8,2,802.8499999999999,1
57,15,2,337.34,3
95,56,2,1230.93,3
294,16,1,307.4,1
109,23,2,608.7900000000001,3
263,31,1,922.1,1
179,26,1,361.28,1
169,9,1,158.85,1
35,7,1,71.66,3
23,43,3,556.75,3
17,39,4,839.14,3
21,24,5,4907.610000000001,3
79,11,3,561.5699999999999,3
65,5,1,90.6,3
360,3,1,102.0,1
2,124,6,2427.32,0
11,33,4,728.56,3
176,38,3,674.45,1
217,120,2,3246.091,1
7,8,7,3515.68,3
1,24,2,378.59,3
154,33,2,322.96,1
5,123,5,1019.27,0
79,79,3,594.04,3
21,11,2,230.22,3
21,11,2,169.55,3
308,35,4,664.54,1
145,2,1,80.7,3
7,334,18,8956.92,6
18,118,8,2702.2200000000003,0
70,15,2,190.25,3
287,11,1,264.7,1
49,28,1,413.59000000000003,3
31,240,6,2438.19,6
206,10,1,357.98,1
14,14,2,196.79000000000002,3
73,54,1,869.87,3
60,11,1,200.14,3
39,72,4,1861.31,3
29,91,12,2600.88,0
26,14,5,488.03,3
4,108,15,7024.53,0
17,12,1,320.46,3
19,188,6,4098.8,0
65,33,2,1266.08,3
213,16,1,311.3,1
12,58,6,847.54,0
30,5,1,76.8,3
42,66,9,3411.76,0
3,122,6,2274.14,0
15,55,5,1383.49,3
10,102,12,3867.6600000000003,0
211,15,1,633.71,1
45,34,3,2043.0800000000002,3
134,47,2,529.73,3
43,102,7,4582.64,0
9,53,5,2874.72,3
115,22,3,962.19,3
198,42,2,685.9300000000001,1
277,11,1,328.8,1
110,30,3,473.02,3
77,39,1,505.18,3
52,20,1,917.34,3
161,154,4,4328.46,0
46,37,3,1398.96,3
16,37,2,642.8,3
155,22,3,631.9,1
225,28,1,440.0,1
7,30,2,584.07,3
121,16,2,327.7,3
60,6,1,104.82,3
63,15,2,467.66,3
18,210,8,2358.84,6
7,119,19,14700.86,7
2,53,11,2929.84,0
22,82,3,509.09,0
28,41,5,1428.02,3
284,38,1,626.65,1
176,27,2,147.20000000000002,1
78,64,3,1554.48,3
33,6,1,152.2,3
40,146,12,3491.64,0
266,21,1,141.41,1
26,165,4,646.42,0
109,4,4,1659.75,3
284,14,1,154.99,1
8,22,5,1290.01,3
305,83,1,379.73,1
16,348,4,5552.07,6
31,49,2,746.36,3
0,52,23,15473.74,7
19,56,1,225.36,3
124,2,2,260.25,3
65,6,1,92.46,3
106,10,1,725.6400000000001,3
1,320,23,8063.64,6
23,179,17,6141.099999999999,6
266,8,1,183.6,1
4,86,19,6135.38,0
9,60,12,10464.85,0
29,59,5,1172.46,3
266,7,1,152.55,1
63,51,2,374.7,3
320,22,1,265.85,1
3,271,8,1306.16,6
32,13,1,139.54,3
4,33,3,942.26,3
129,43,1,118.67,3
40,33,5,499.41999999999996,3
101,46,6,1049.37,3
124,12,1,375.1,3
32,4,1,45.599999999999994,3
302,126,2,891.77,1
364,28,1,182.25,1
4,162,9,1002.9,0
2,272,18,4421.29,6
2,61,1,191.47,3
10,379,13,50415.49,7
56,13,1,158.75,3
324,1,1,76.32000000000001,1
7,117,14,4069.0,0
12,95,1,433.86,0
4,1119,17,65164.79,5
36,21,1,147.35,3
16,167,11,3092.9700000000003,0
137,24,1,191.95000000000002,3
73,15,6,5976.79,3
5,35,5,1060.33,3
154,21,2,216.20999999999998,1
239,74,1,1260.33,1
51,61,7,2688.48,0
30,33,2,594.16,3
72,9,1,80.2,3
3,94,12,5669.65,0
14,10,4,688.6,3
22,117,7,2774.17,0
3,26,4,1402.77,3
273,15,2,386.53,1
19,61,5,1382.74,3
143,3,1,90.0,3
3,148,4,2740.3,0
84,4,1,419.58000000000004,3
10,159,3,2720.63,0
7,14,3,643.6300000000001,3
122,39,3,709.71,3
60,40,2,637.5,3
1,31,5,1123.8600000000001,3
319,66,1,480.91,1
2,100,11,3580.13,0
129,25,3,592.89,3
1,95,15,4690.31,0
1,40,2,965.8800000000001,3
46,26,1,415.82,3
3,60,2,920.05,3
2,27,4,880.2800000000001,3
373,22,1,311.81,1
133,7,1,115.8,3
46,6,4,3148.2,3
8,183,5,2949.57,0
78,4,2,468.4,3
233,3,1,157.2,1
220,28,1,259.43,1
35,23,2,658.64,3
75,47,2,611.09,3
239,52,2,1345.62,1
266,6,1,118.75,1
9,714,55,114343.36,5
19,45,2,392.44,3
40,41,1,507.66,3
19,501,11,4615.64,6
215,87,3,1097.6200000000001,1
173,25,2,289.36,1
87,36,4,2445.91,3
70,28,2,1631.77,3
275,23,1,120.44,1
39,27,4,562.59,3
98,57,1,363.79,3
10,28,4,450.84,3
33,26,1,134.46,3
59,139,3,3108.06,0
297,28,4,574.0,1
86,37,4,544.01,3
8,191,7,1600.26,0
40,135,2,701.57,0
10,112,25,4640.77,7
66,24,1,452.89,3
331,3,1,197.65,1
30,34,6,2018.91,3
2,176,15,4604.31,6
1,145,13,4662.96,0
67,35,2,853.39,3
4,269,21,11216.75,6
201,7,2,962.7,1
106,6,1,335.52,3
18,35,4,663.5,3
218,2,1,185.39999999999998,1
60,32,7,717.74,3
2,36,1,150.61,3
16,23,2,466.7,3
239,20,1,328.15999999999997,1
94,10,1,151.74,3
10,55,6,2067.13,0
105,66,6,1900.89,3
53,87,9,2208.3,0
89,9,1,1070.48,3
30,64,5,1000.23,3
11,98,6,1777.92,0
3,47,4,1839.3,3
1,78,17,1925.3600000000001,0
42,12,1,169.48000000000002,3
4,7,1,89.94,3
247,21,2,632.4,1
42,123,9,3427.85,0
177,41,1,683.17,1
92,50,3,975.23,3
110,105,4,1009.73,0
28,64,5,2184.64,0
26,117,10,3315.71,0
51,29,3,1450.6,3
183,47,3,822.0600000000001,1
42,81,5,2043.93,0
49,30,4,1447.51,3
22,122,4,754.12,0
75,65,5,3093.86,3
80,15,2,490.86,3
373,9,1,161.0,1
326,8,1,146.85,1
43,83,11,2323.5,0
30,37,2,890.34,3
183,10,1,213.70000000000002,1
234,13,2,280.55,1
8,99,10,2535.88,0
219,107,2,1677.48,1
110,57,3,1474.06,3
278,19,1,136.76999999999998,1
318,8,1,302.58,1
7,94,3,1904.05,0
1,37,5,2879.7000000000003,3
260,51,2,935.0600000000001,1
64,88,5,3099.7200000000003,0
9,58,9,12652.98,0
141,5,1,120.0,3
50,52,2,1163.45,3
8,87,8,2618.23,0
154,15,2,333.97,1
109,31,2,530.18,3
162,25,3,1279.09,1
331,29,1,492.65000000000003,1
225,10,1,112.32,1
73,33,2,437.96,3
51,22,4,559.97,3
98,52,3,1019.39,3
15,195,3,3928.8,0
196,8,1,134.04,1
3,70,15,3701.44,0
30,24,2,578.45,3
21,18,4,1910.01,3
23,220,3,4595.81,6
8,9,3,156.23000000000002,3
213,16,1,413.85,1
8,33,6,911.26,3
11,89,5,2311.7000000000003,0
1,145,11,3873.3,0
7,64,9,4839.1900000000005,0
3,51,4,1046.56,3
40,5,1,166.20000000000002,3
17,48,4,1290.48,3
8,884,44,50862.44,5
8,94,9,3195.81,0
18,3,1,43.2,3
117,13,1,632.04,3
222,17,1,383.45,1
71,96,3,1803.76,0
51,33,2,2083.42,3
88,150,6,2995.72,0
8,74,9,2333.98,0
242,20,1,229.71,1
46,74,6,1611.59,0
106,8,1,120.0,3
44,64,6,2456.98,0
64,24,1,508.58000000000004,3
206,29,2,343.11,1
10,111,5,1530.75,0
114,32,2,574.26,3
242,8,1,166.85,1
163,12,1,311.65,1
17,218,7,4889.14,6
124,27,2,462.65999999999997,3
22,22,3,840.21,3
67,15,1,351.45,3
16,98,8,2539.46,0
16,55,2,454.86,3
16,77,4,1614.91,0
161,30,2,562.47,1
242,14,1,294.56,1
218,6,1,134.7,1
45,109,8,2151.08,0
21,18,4,608.71,3
127,56,8,889.9300000000001,3
38,6,1,108.97999999999999,3
120,55,2,1021.58,3
260,18,1,409.57,1
10,31,1,133.5,3
274,18,1,262.1,1
164,1,1,51.0,1
157,44,4,1078.96,1
215,6,1,90.6,1
5,9,2,163.62,3
365,11,1,174.4,1
79,33,2,682.24,3
43,39,1,225.12,3
19,44,3,882.58,3
31,104,4,2118.03,0
22,37,1,151.5,3
108,61,8,3717.35,0
8,270,16,9134.12,6
319,8,1,155.0,1
295,4,1,100.5,1
358,4,1,76.55,1
185,57,1,235.56,1
191,11,2,617.05,1
44,39,2,348.1,3
52,56,1,202.68,3
26,121,1,615.49,0
38,49,3,1247.69,3
9,13,3,202.11,3
296,7,1,142.4,1
32,125,3,1727.6,0
10,124,8,3172.04,0
65,33,2,1012.26,3
10,135,9,4588.17,0
218,5,1,67.95,1
2,181,9,3444.11,0
65,71,2,487.99,3
2,18,19,2556.68,0
149,25,1,559.7,3
4,113,13,4039.98,0
130,17,4,1426.31,3
33,70,6,1409.72,0
119,8,1,156.75,3
107,67,6,2113.08,3
10,60,7,2599.03,0
71,40,6,1926.25,3
92,153,9,883.6800000000001,0
310,14,1,1063.0,1
42,43,2,761.3299999999999,3
362,22,1,121.05,1
91,79,7,1485.1299999999999,0
1,283,13,5781.9,6
22,13,2,490.22,3
3,114,3,1937.25,0
10,112,6,1051.79,0
99,29,1,385.87,3
57,25,2,813.11,3
0,189,6,4263.64,0
218,3,1,265.2,1
17,1,1,322.08,3
23,183,10,3981.15,0
50,16,2,363.34000000000003,3
7,108,5,1209.3700000000001,0
302,17,1,423.26,1
9,256,6,2248.5,6
21,3,6,1372.8,3
98,9,1,89.06,3
365,5,1,63.0,1
306,9,1,131.9,1
319,32,1,2661.24,1
8,33,5,2357.6800000000003,3
0,43,4,1645.44,3
204,58,2,1548.87,1
53,84,4,1416.45,0
0,233,4,1010.35,6
18,54,5,1163.23,3
9,20,2,375.35,3
18,201,4,885.8,0
180,32,3,483.25,1
60,86,2,643.9,3
10,55,2,259.05,3
190,22,1,119.93,1
5,580,9,3003.68,6
310,4,1,113.64,1
155,37,1,1837.92,1
110,14,3,434.34,3
148,173,3,2103.06,0
66,150,11,1947.52,0
98,6,3,529.62,3
246,107,3,1038.44,1
29,35,7,2272.4,3
17,67,4,596.26,3
11,43,2,461.19,3
103,153,8,1852.67,0
74,7,2,234.34000000000003,3
46,29,1,537.71,3
71,35,3,809.77,3
257,17,1,193.0,1
19,7,4,1307.81,3
253,18,2,316.25,1
11,13,1,279.05,3
164,25,2,636.51,1
18,110,6,2022.81,0
281,9,1,137.1,1
50,14,1,321.92,3
38,44,1,162.8,3
26,112,6,1165.48,0
67,46,1,1048.33,3
207,30,1,463.38,1
175,17,2,340.93,1
7,95,5,2362.84,0
25,7,1,139.56,3
50,6,2,123.8,3
311,16,2,538.8100000000001,1
309,29,1,457.47,1
42,162,5,1957.32,0
26,146,3,808.44,0
88,6,3,356.85,3
183,9,2,198.71,1
19,368,11,2312.73,6
3,113,6,3543.26,0
47,85,4,673.26,0
17,540,8,5805.2300000000005,6
17,204,5,1960.65,0
23,79,6,1352.88,0
22,52,2,268.05,3
11,53,5,1267.4099999999999,3
187,19,2,275.28,1
100,11,3,438.49,3
61,65,3,990.2,3
17,68,6,2076.89,0
33,17,2,330.45,3
64,16,1,174.37,3
1,3,2,270.6,3
24,15,4,974.54,3
108,12,1,241.09,3
31,161,9,1843.83,0
19,217,9,4164.92,6
2,330,55,8486.53,7
37,18,1,364.21999999999997,3
60,177,3,578.61,0
25,140,6,2862.11,0
236,45,4,932.85,1
24,53,7,1812.6200000000001,0
2,331,18,4049.4,6
60,280,3,2831.7400000000002,6
259,18,1,170.95,1
57,10,1,355.56,3
64,19,2,388.25,3
15,31,2,537.48,3
9,64,3,952.66,3
58,71,8,1453.35,0
185,5,1,103.25,1
28,43,16,3364.83,0
24,97,2,2004.3,0
5,250,5,2513.68,6
3,198,8,3953.9500000000003,6
150,2,2,652.8,3
311,56,1,289.24,1
10,38,2,757.37,3
18,9,2,186.23,3
151,57,1,164.22,3
19,103,5,859.27,0
10,147,4,2279.4900000000002,0
57,18,2,312.54,3
85,16,1,0.0,3
7,39,22,2175.63,0
75,67,3,1080.76,3
3,187,18,4727.92,6
95,111,4,3073.77,0
110,4,1,1432.0,3
56,33,2,1524.46,3
1,10,1,227.39,3
280,29,2,218.06,1
3,190,7,2790.34,0
179,127,9,1590.12,0
372,1,1,35.400000000000006,1
12,86,4,859.71,0
3,24,1,168.63,3
16,16,1,138.6,3
40,6,1,114.11,3
5,243,5,986.96,6
169,68,4,969.26,1
50,29,1,157.05,3
276,19,1,134.16,1
18,170,9,1577.39,0
371,3,1,39.75,1
15,138,4,1320.21,0
35,132,3,557.94,0
21,127,3,617.15,0
7,48,2,363.33,3
19,94,6,1740.6,0
11,45,2,866.24,3
44,49,1,221.97,3
305,25,1,393.33000000000004,1
10,7,1,213.96,3
274,2,1,660.0,1
1,819,93,11797.21,5
15,38,14,11914.7,0
4,8,4,1785.15,3
72,2,4,601.56,3
242,2,3,406.08000000000004,1
9,10,3,553.44,3
245,20,1,379.51,1
205,26,2,393.28000000000003,1
1,80,5,1765.76,0
184,21,1,320.58000000000004,1
32,108,5,866.8000000000001,0
57,13,2,225.85,3
196,51,2,886.13,1
23,108,4,2757.07,0
91,22,2,671.96,3
4,133,2,935.46,0
50,38,3,1006.98,3
262,8,1,114.56,1
266,20,1,344.90000000000003,1
36,27,2,609.85,3
50,16,1,443.6,3
52,138,6,2952.34,0
24,87,6,2024.45,0
21,7,1,110.46,3
58,2,1,96.12,3
170,30,2,668.61,1
67,26,2,780.46,3
156,28,2,597.09,1
1,701,74,279765.02,2
201,24,1,236.04000000000002,1
4,148,4,1402.59,0
67,95,2,653.75,3
77,29,1,114.18,3
1,154,7,1926.65,0
8,35,4,1930.15,3
169,73,2,291.05,1
17,103,4,838.27,0
5,27,2,247.15,3
8,147,9,2456.53,0
86,24,2,285.74,3
26,4,1,107.95,3
28,143,4,741.37,0
19,78,2,636.24,3
60,63,5,1258.38,3
24,14,1,195.25,3
10,354,25,9165.04,6
241,158,3,1259.24,1
280,107,2,392.86,1
234,58,2,765.55,1
3,39,5,1736.4,3
16,93,1,596.36,0
31,29,6,2544.85,3
25,73,16,27057.65,7
71,6,3,498.95,3
187,1,2,52.0,1
25,231,5,1201.51,6
106,15,1,628.38,3
7,148,21,5065.58,0
208,13,1,112.8,1
44,40,2,355.05,3
30,50,5,2114.33,3
137,53,4,582.05,3
264,8,1,172.9,1
4,117,7,2072.67,0
218,22,2,188.60999999999999,1
1,148,5,1217.27,0
214,8,1,109.13000000000001,1
32,80,3,2195.1,0
10,268,9,2502.2400000000002,6
1,196,17,3210.29,6
14,22,1,318.17,3
11,288,9,1493.96,6
198,1,1,179.0,1
2,25,3,1096.6699999999998,3
15,71,13,4911.14,0
14,124,4,599.48,0
10,221,11,2809.02,6
29,21,3,917.07,3
9,146,11,2660.1,0
24,10,1,160.19,3
24,60,4,867.38,3
43,46,2,307.51,3
1,177,5,1571.89,0
5,34,3,663.81,3
147,28,1,180.42000000000002,3
10,193,6,1122.3600000000001,0
24,45,1,655.58,3
274,10,1,268.58,1
373,69,1,313.49,1
1,317,8,1897.57,6
47,38,3,380.02,3
8,105,8,2686.34,0
16,102,12,9453.05,0
3,99,32,5807.69,7
3,15,3,1164.55,3
42,39,7,1289.94,3
4,47,7,3899.1,0
197,85,3,1423.21,1
11,35,6,1400.34,3
16,21,7,1088.53,3
112,46,5,1167.16,3
249,18,1,294.3,1
29,87,5,1415.75,0
43,5,1,389.64,3
87,30,1,563.15,3
44,38,2,638.05,3
9,128,11,4965.38,0
15,38,1,738.96,3
75,19,1,420.5,3
144,54,4,1484.06,3
4,92,3,1625.97,0
297,5,1,53.8,1
58,11,2,255.9,3
263,21,1,300.52,1
46,6,1,250.55,3
29,38,3,254.11,3
8,111,6,2473.37,0
17,4,2,139.5,3
2,718,8,10383.83,6
232,49,2,876.42,1
112,9,1,139.26,3
58,57,3,1011.9,3
51,44,11,2195.58,0
127,34,2,730.86,3
280,40,3,386.15,1
54,26,2,447.68,3
319,6,1,200.10000000000002,1
26,15,2,289.99,3
10,2,2,77.4,3
7,26,2,679.4399999999999,3
28,6,1,197.64,3
16,30,4,745.06,3
63,2,1,6.2,3
21,14,1,214.14,3
2,68,7,1276.11,0
166,6,1,131.45000000000002,1
1,403,17,7794.46,6
52,11,3,173.74,3
51,13,1,157.7,3
47,246,12,4240.14,6
61,56,1,189.34,3
162,35,3,845.55,1
8,12,1,353.27,3
15,30,4,546.4,3
75,11,1,193.39000000000001,3
39,176,8,2414.05,0
40,106,11,2085.33,0
369,25,2,152.88,1
36,53,2,778.5,3
197,4,1,271.85,1
200,52,2,1110.34,1
73,41,3,657.8,3
64,13,2,272.07,3
21,24,4,507.29,3
366,2,1,48.800000000000004,1
180,56,3,321.43,1
10,19,4,1127.71,3
3,82,12,2221.01,0
196,17,3,2139.76,1
29,39,4,674.65,3
53,39,1,188.88,3
17,43,6,1698.35,3
10,5,3,102.44999999999999,3
89,96,4,1641.2,0
267,4,1,62.85,1
53,103,6,3295.76,0
43,128,4,2456.8,0
63,87,4,3189.81,0
148,13,1,309.4,3
21,159,25,7904.28,7
311,21,1,325.75,1
23,28,2,511.35,3
58,96,6,2836.69,0
24,8,2,464.85,3
78,110,7,2730.09,0
119,13,2,645.65,3
36,65,3,1290.53,3
59,58,2,1165.65,3
12,47,4,1352.04,3
19,11,1,168.62,3
52,6,1,125.79,3
25,47,2,841.1999999999999,3
29,11,1,266.76,3
7,4,2,52.2,3
10,30,12,14197.45,0
185,31,3,710.28,1
3,96,8,2939.64,0
8,66,2,717.7,3
261,13,1,327.25,1
3,68,4,501.28000000000003,3
210,28,1,519.68,1
107,46,2,1457.67,3
12,62,9,1476.09,0
77,45,3,690.59,3
19,17,1,255.4,3
26,6,2,589.7,3
18,39,6,756.64,3
131,15,1,765.3199999999999,3
252,18,1,364.8,1
79,6,1,1862.0,3
207,20,1,369.2,1
336,10,1,135.9,1
253,7,1,125.65,1
148,30,2,554.38,3
9,72,2,1237.8500000000001,3
85,23,1,655.75,3
7,273,20,11096.01,6
204,43,2,468.77000000000004,1
7,43,4,1366.38,3
23,86,6,1217.96,0
11,73,9,1414.99,0
25,20,1,314.11,3
21,227,5,2740.13,6
2,66,2,1025.44,3
157,14,2,599.9,1
3,125,7,3478.85,0
74,9,1,277.8,3
2,25,4,397.36,3
1,1787,201,136445.4,4
16,21,2,867.85,3
35,76,4,1227.43,0
91,12,2,258.83,3
70,72,4,1264.84,3
115,39,2,1610.15,3
212,57,2,977.77,1
30,78,2,1316.07,3
50,44,1,749.1,3
245,10,1,310.05,1
32,11,1,223.88,3
108,116,3,2362.96,0
4,30,5,964.6800000000001,3
365,17,1,363.53,1
81,68,2,1888.84,3
297,10,1,1784.71,1
33,210,8,8117.42,6
56,33,3,1617.63,3
29,101,12,5884.95,0
14,3,1,100.9,3
72,14,2,290.82,3
23,56,6,1066.57,3
19,19,1,361.25,3
79,20,1,311.69,3
59,117,11,8015.79,0
25,54,1,285.67,3
12,75,1,294.85,3
253,12,1,58.49,1
147,33,3,483.72999999999996,3
64,37,4,684.97,3
8,23,2,221.27,3
10,193,9,7008.38,6
270,5,1,126.7,1
9,149,5,1472.34,0
247,13,1,206.21,1
96,80,2,596.09,3
14,35,1,183.02,3
49,6,1,463.8,3
30,37,1,147.59,3
68,24,4,1592.06,3
35,144,3,1097.98,0
128,18,1,114.77,3
107,29,3,1314.45,3
37,17,1,89.94,3
57,11,1,279.94,3
57,47,7,765.86,3
72,136,5,1921.3700000000001,0
246,8,1,102.12,1
19,37,2,202.37,3
198,78,2,292.01,1
15,2,2,326.4,3
211,40,1,334.54,1
38,53,2,231.98000000000002,3
46,25,3,540.98,3
170,70,2,414.87,1
47,76,1,490.52,3
115,93,4,1641.76,0
147,154,1,1220.77,0
15,360,28,6192.29,6
51,121,1,480.38,0
159,12,1,156.91,1
12,148,3,1259.43,0
35,20,1,308.94,3
53,110,2,405.04,0
43,29,2,257.67,3
172,20,1,170.04,1
33,20,1,125.58,3
38,30,3,456.26,3
266,64,1,252.81,1
8,287,9,1848.53,6
11,96,4,852.39,0
3,347,11,6680.81,6
9,105,10,1636.43,0
33,66,1,361.96,3
80,57,3,469.0,3
30,30,4,1051.95,3
8,35,4,627.13,3
71,7,2,518.28,3
4,74,4,653.19,0
256,29,3,4464.1,1
4,315,10,2529.53,6
15,299,8,4243.21,6
89,26,1,252.73000000000002,3
72,107,3,429.56,0
58,105,6,645.84,0
9,408,47,19640.79,7
170,66,1,179.93,1
199,5,1,135.93,1
31,3,1,537.0,3
19,233,17,7577.9800000000005,6
151,11,2,633.66,3
9,147,15,4940.66,0
269,22,1,343.62,1
65,86,4,377.52,0
273,3,1,121.17000000000002,1
25,68,3,1682.77,3
23,130,3,1383.3600000000001,0
319,27,1,207.73000000000002,1
4,49,3,693.95,3
12,105,2,302.1,0
275,25,2,1489.5,1
25,199,11,2102.54,6
40,161,9,1332.77,0
8,81,4,294.25,0
3,70,48,54240.5,7
71,47,4,987.86,3
213,5,1,370.79999999999995,1
37,148,4,3135.98,0
53,42,1,760.59,3
78,82,3,1744.76,3
46,96,2,553.36,0
179,70,1,1109.53,1
372,1,1,106.2,1
93,25,2,982.07,3
9,31,3,612.43,3
105,41,1,735.67,3
77,27,1,773.03,3
172,49,1,880.85,1
7,97,32,9634.1,7
212,46,4,895.61,1
22,26,5,487.35,3
256,5,1,88.2,1
281,15,1,306.94,1
21,53,2,1140.27,3
10,139,6,2420.84,0
308,23,1,381.32,1
67,30,1,476.96,3
215,23,2,457.81,1
18,52,6,4589.29,0
103,30,4,1364.7,3
42,11,1,219.39000000000001,3
4,25,1,248.08,3
182,1,3,946.5,1
84,23,1,410.48,3
333,1,3,635.1,1
8,8,2,310.75,3
31,35,2,703.36,3
196,66,2,968.64,1
18,90,7,2298.93,0
17,90,5,1407.73,0
311,12,6,260.0,1
141,50,4,1291.75,3
245,28,1,463.75,1
23,17,4,973.2,3
29,70,3,1567.48,3
9,77,3,3339.5099999999998,0
30,136,10,2760.56,0
18,21,1,340.11,3
17,37,4,1352.75,3
14,63,5,1551.78,0
134,1,1,244.8,3
245,14,1,266.4,1
133,21,1,343.82,3
50,28,2,457.72,3
114,65,3,1612.13,3
7,93,2,2199.31,0
22,14,2,184.19,3
25,102,15,11125.65,0
65,16,1,406.53,3
60,74,4,1431.75,3
50,54,11,3447.4,0
169,22,1,330.11,1
18,49,5,977.9300000000001,3
127,27,3,982.42,3
14,44,8,1387.99,0
239,9,1,127.15,1
2,61,4,1282.95,3
239,13,2,178.96,1
52,74,7,2350.0,0
46,26,1,498.74,3
225,14,1,259.45,1
8,132,17,6530.04,0
4,54,4,1194.73,3
164,90,2,1313.66,1
240,28,1,608.65,1
10,20,1,301.29,3
133,23,1,520.8000000000001,3
17,282,10,5280.83,6
9,196,13,4684.24,6
31,22,1,329.25,3
75,66,1,224.73,3
1,51,3,961.49,3
3,125,3,1879.84,0
45,7,1,401.40000000000003,3
1,363,30,18573.68,7
357,4,1,158.16,1
18,29,2,304.47,3
68,79,3,824.58,3
373,27,1,487.75,1
320,39,1,158.8,1
25,5,1,106.56,3
331,5,1,1034.5,1
8,106,5,1624.05,0
322,11,1,135.75,1
71,23,1,224.14,3
260,3,1,40.5,1
18,91,5,2202.7,0
367,6,1,87.5,1
66,11,3,689.4799999999999,3
154,24,2,622.85,1
29,59,2,402.2,3
70,21,1,310.62,3
14,17,2,411.41,3
1,61,16,4670.08,0
1,80,41,15806.960000000001,7
119,36,3,1044.32,3
60,19,1,499.32,3
3,209,15,7535.17,6
2,1,1,3861.0,3
10,30,3,656.4399999999999,3
92,10,2,193.64,3
59,5,4,1268.7,3
87,35,5,987.77,3
25,82,6,1827.8,0
357,9,1,316.58,1
85,37,2,653.24,3
10,3,4,420.29999999999995,3
1,25,5,867.62,3
225,20,1,331.18,1
60,52,2,894.4100000000001,3
241,5,1,88.94999999999999,1
318,22,2,325.05,1
1,109,8,1661.44,0
46,33,3,656.79,3
87,2,1,96.6,3
10,77,11,5756.89,0
176,9,1,305.75,1
51,110,6,1758.92,0
366,5,1,403.25,1
318,5,1,585.0,1
225,14,2,454.90000000000003,1
358,13,2,322.08,1
234,23,1,409.40000000000003,1
310,8,1,154.41,1
36,43,5,1219.4,3
66,110,4,3376.96,0
239,23,2,429.6,1
113,26,2,612.06,3
276,14,1,197.0,1
217,132,12,2247.51,1
298,15,1,321.05,1
1,94,4,1412.32,0
29,49,3,1056.54,3
10,48,2,764.34,3
44,58,5,1691.02,3
66,82,8,1738.59,0
74,22,1,316.68,3
65,31,2,631.57,3
134,55,3,2515.84,3
238,32,2,514.15,1
122,6,1,356.0,3
31,211,13,6657.36,6
9,97,11,10327.96,0
36,44,2,740.78,3
16,52,5,915.3,3
127,18,1,300.36,3
66,47,1,890.85,3
148,6,1,98.45,3
283,7,1,152.14999999999998,1
168,32,2,623.16,1
100,62,7,1780.77,3
135,19,1,254.82,3
323,10,1,178.95000000000002,1
106,12,1,156.51,3
64,23,1,393.74,3
151,76,2,1506.1200000000001,3
338,6,1,119.3,1
22,8,5,1717.36,3
23,2,1,408.8,3
15,22,7,2292.49,3
7,184,15,2472.09,6
57,63,2,721.94,3
4,44,2,716.57,3
37,41,1,609.19,3
66,49,1,128.63,3
46,12,1,255.89999999999998,3
354,19,1,290.51,1
172,16,1,113.12,1
58,121,9,2245.05,0
49,3,1,240.55,3
22,17,2,485.24,3
43,80,5,2306.52,0
29,43,3,935.1,3
4,93,18,7803.7699999999995,0
25,62,15,4633.6,0
201,24,1,178.39,1
50,137,6,3610.31,0
10,30,3,635.04,3
2,115,12,4764.1,0
67,7,7,3904.8100000000004,3
64,28,1,496.44,3
50,167,12,5007.72,0
290,31,1,574.02,1
60,8,8,680.3,3
64,57,3,1174.35,3
95,12,1,205.3,3
274,19,1,302.27,1
0,567,91,59340.33,5
75,42,4,924.85,3
110,1,1,52.0,3
199,24,1,327.97,1
64,35,2,551.54,3
326,1,1,165.0,1
3,33,1,312.62,3
283,16,1,204.5,1
44,36,1,267.13,3
70,83,3,2667.48,3
85,42,1,611.27,3
103,47,1,161.74,3
333,29,1,311.71,1
52,10,1,208.75,3
39,51,3,1023.2,3
32,10,2,714.96,3
366,29,4,1661.06,1
208,16,1,1028.56,1
156,67,3,350.82,1
53,34,1,170.22,3
66,77,2,574.07,3
80,17,1,2020.52,3
129,24,1,391.76,3
87,21,1,364.5,3
0,21,3,476.58,3
45,20,1,367.69,3
332,17,1,252.42000000000002,1
366,5,1,201.60000000000002,1
72,9,1,158.04,3
158,65,2,463.90999999999997,1
373,5,1,115.65,1
12,157,7,1886.1100000000001,0
254,59,2,770.12,1
29,9,2,277.05,3
31,215,10,2718.03,6
4,292,22,8270.2,6
39,13,1,427.93,3
361,7,1,418.92,1
372,16,1,318.05,1
95,29,2,913.19,3
25,65,7,1549.17,0
75,37,2,602.51,3
57,91,4,1877.59,0
21,4,1,446.94000000000005,3
40,65,7,2360.55,0
137,27,1,2007.3999999999999,3
8,74,12,2213.11,0
128,3,1,168.0,3
40,100,3,1221.56,0
169,145,7,3631.8900000000003,0
8,22,5,1682.3600000000001,3
213,8,2,596.85,1
14,193,6,5927.86,0
169,34,2,642.41,1
40,12,1,316.88,3
186,31,1,394.14,1
270,10,1,140.54,1
172,1,1,500.0,1
4,74,4,1515.73,0
16,10,2,231.86,3
9,54,4,2183.54,3
325,7,1,107.45,1
112,14,1,288.18,3
289,6,1,94.0,1
16,60,2,1339.63,3
1,45,3,815.77,3
92,10,5,666.7,3
148,35,2,626.77,3
189,8,1,349.1,1
31,51,2,426.61,3
33,142,4,1046.74,0
264,34,1,267.18,1
84,48,8,3450.84,3
26,86,4,1336.43,0
171,10,1,190.53,1
9,37,3,774.9000000000001,3
313,46,1,559.61,1
64,165,4,3974.37,0
85,28,1,508.8,3
24,8,1,135.86,3
58,40,4,950.36,3
323,6,2,97.7,1
38,2,1,43.5,3
254,17,2,383.34,1
19,217,5,1394.02,6
33,233,3,1430.54,6
15,6,1,93.78,3
26,77,2,364.9,3
23,10,1,171.19,3
213,40,2,420.07,1
8,40,5,997.48,3
22,29,1,149.29,3
12,243,3,1067.75,6
262,44,1,200.16,1
131,25,1,156.57999999999998,3
54,50,3,383.68,3
248,2,1,594.0,1
1,237,7,3189.74,6
9,191,2,1411.21,0
264,5,1,113.5,1
330,9,1,155.17,1
312,28,1,494.64,1
26,47,3,971.22,3
30,30,1,429.84,3
29,47,3,528.48,3
1,169,7,1371.77,0
362,23,1,179.1,1
283,48,3,434.59000000000003,1
262,56,1,237.07,1
25,7,1,161.64,3
354,53,1,214.26,1
94,9,3,234.6,3
29,7,1,126.14,3
338,155,1,1044.65,1
19,43,18,6948.62,0
85,56,1,334.53,3
9,41,3,511.88,3
51,24,2,439.71000000000004,3
50,24,2,504.5,3
2,67,1,454.48,3
113,76,1,371.56,3
14,4,7,1465.2,3
77,29,1,454.10999999999996,3
40,34,2,1399.92,3
116,45,1,905.5,3
15,46,12,6393.52,0
161,74,4,225.26,1
1,135,4,3559.21,0
30,59,3,2564.5,3
92,2,1,91.32000000000001,3
22,47,3,1090.03,3
95,108,6,3090.85,0
28,32,2,659.4599999999999,3
32,177,5,1918.8600000000001,0
21,120,2,1280.58,0
17,13,2,1259.7,3
2,360,27,13252.55,6
8,64,4,1131.56,3
15,164,12,8909.22,0
362,66,1,141.04,1
81,13,1,52.83,3
52,90,5,3497.14,0
22,121,3,972.08,0
171,41,1,475.86,1
189,78,6,1000.27,1
330,1,1,250.0,1
11,117,5,900.53,0
155,7,2,121.0,1
33,183,19,14520.08,7
12,96,11,2946.55,0
44,15,3,62.43,3
233,27,1,267.03,1
64,135,8,1900.7,0
1,18,1,343.5,3
40,116,8,2699.65,0
32,47,2,397.99,3
84,10,1,412.01000000000005,3
24,1,1,440.0,3
2,133,3,719.47,0
33,4,2,148.44,3
18,127,8,2411.68,0
254,26,1,229.33,1
22,415,11,3935.15,6
21,90,4,1497.31,0
8,196,2,1972.39,0
25,205,4,1507.13,0
19,73,3,754.12,3
173,55,4,477.4,1
163,24,1,110.92,1
7,41,1,538.46,3
11,15,1,213.3,3
114,29,1,85.13000000000001,3
288,26,1,127.86,1
9,122,9,3542.51,0
54,78,2,288.96999999999997,3
7,441,14,4910.6,6
77,104,3,1643.96,0
4,43,4,575.63,3
36,29,1,436.06,3
217,17,1,90.12,1
60,51,1,428.93,3
277,14,1,217.2,1
12,401,16,4760.04,6
24,31,1,279.77,3
28,16,1,468.91,3
11,27,4,722.74,3
351,1,1,134.55,1
22,88,4,1319.69,0
50,8,2,173.16,3
18,7,1,186.01,3
2,27,3,758.29,3
103,27,5,1375.71,3
7,231,12,4111.27,6
11,47,4,650.4300000000001,3
4,166,7,2533.42,0
31,88,2,591.1899999999999,3
177,131,4,675.64,1
37,43,1,921.37,3
151,39,3,258.88,3
162,13,1,127.1,1
68,45,2,327.6,3
120,134,13,3425.77,0
24,39,3,682.9100000000001,3
23,89,4,712.36,0
176,31,1,455.3,1
50,3,4,913.6800000000001,3
255,28,3,456.58,1
46,24,1,388.58,3
70,5,1,199.8,3
15,85,5,1767.53,0
100,51,5,1339.44,3
35,22,1,315.71999999999997,3
53,14,1,235.68,3
26,50,2,761.74,3
11,230,14,6745.36,6
8,30,9,1102.3700000000001,3
78,2,1,48.480000000000004,3
52,17,1,216.39,3
36,61,5,1198.23,3
61,48,9,2563.61,0
336,13,1,104.76,1
28,59,4,1093.68,3
184,16,1,270.03000000000003,1
51,6,1,112.46000000000001,3
9,23,13,1568.39,0
36,4,2,195.15,3
10,184,23,10369.99,7
32,39,4,747.031,3
10,3,1,336.40000000000003,3
56,92,3,1523.08,0
4,11,4,1168.01,3
43,169,9,3248.33,0
141,19,1,301.03,3
116,26,4,588.13,3
103,44,4,1504.56,3
74,49,2,675.8,3
4,85,9,2865.64,0
45,57,2,1180.4,3
15,107,8,3148.31,0
17,15,1,243.55,3
89,20,2,724.76,3
52,15,1,223.36,3
134,25,1,425.32,3
4,240,15,12371.44,6
105,102,4,1887.2,0
191,31,3,647.4,1
166,166,4,803.54,0
18,50,1,612.01,3
157,35,3,425.14000000000004,1
204,23,2,584.75,1
336,1,2,816.0,1
36,27,3,646.3,3
91,21,1,337.74,3
92,4,2,877.4399999999999,3
9,15,2,922.53,3
243,34,1,511.32,1
45,46,4,748.5,3
22,1,1,30.0,3
190,40,5,958.9,1
43,11,1,306.45,3
25,55,9,1552.51,0
317,4,2,309.8,1
106,9,1,138.14,3
50,17,1,386.43,3
168,92,2,2222.21,1
39,13,1,301.32,3
217,1,1,76.32000000000001,1
40,31,4,677.69,3
296,12,1,173.05,1
18,52,7,2635.4900000000002,0
88,107,4,2726.23,0
73,88,5,1744.02,0
81,20,3,323.69,3
18,191,3,3324.09,0
49,33,1,657.23,3
52,12,1,352.7,3
24,98,4,781.28,0
9,61,3,1333.68,3
25,32,5,946.36,3
117,10,1,193.75,3
8,119,9,2981.5,0
119,8,2,254.1,3
4,19,2,239.76,3
252,2,1,136.8,1
28,12,1,191.04,3
0,42,14,6423.6,0
266,22,2,409.98,1
33,140,8,2619.11,0
17,18,1,309.65,3
172,85,2,664.03,1
2,193,4,1529.0,0
264,5,1,211.5,1
140,79,4,2293.62,3
201,6,1,143.1,1
63,50,4,1001.81,3
35,126,4,916.98,0
40,124,7,3209.05,0
283,6,1,133.25,1
9,41,5,1072.3600000000001,3
143,18,2,346.75,3
11,34,2,330.03000000000003,3
145,101,4,1101.1100000000001,0
234,7,1,150.3,1
32,299,13,5028.42,6
24,128,1,598.73,0
11,80,1,471.40000000000003,3
35,45,5,2205.31,3
364,37,1,190.7,1
201,11,2,212.3,1
15,32,1,415.25,3
16,213,7,5159.06,6
212,5,1,62.0,1
65,68,3,1108.38,3
212,13,2,294.12,1
282,10,1,162.3,1
114,25,2,1339.45,3
14,60,8,1121.21,0
18,46,16,4788.77,0
66,8,1,449.12,3
49,9,1,154.88,3
16,59,4,775.96,3
77,3,1,34.8,3
19,57,4,1071.24,3
134,28,1,182.96,3
12,52,3,946.64,3
40,19,1,144.36,3
235,5,3,24850.9,1
2,214,8,2457.2,6
39,236,7,2618.15,6
304,1,1,79.2,1
51,24,3,455.67,3
10,127,6,2318.88,0
61,160,4,528.01,0
65,43,2,714.42,3
24,9,1,205.25,3
218,5,3,253.04,1
65,37,2,583.75,3
31,58,2,1048.67,3
88,150,6,3245.47,0
64,11,1,315.06,3
115,23,3,621.8299999999999,3
7,26,26,51823.72,7
5,10,1,635.6800000000001,3
68,25,1,270.8,3
245,7,1,104.9,1
133,18,1,241.62,3
241,18,4,1021.61,1
183,26,3,475.28000000000003,1
25,20,3,333.56,3
9,34,3,2593.94,3
10,14,1,246.3,3
32,58,5,2303.75,3
46,257,3,4821.0,6
26,156,3,933.26,0
358,25,1,351.3,1
10,34,1,218.75,3
43,66,2,1604.44,3
14,6,3,948.96,3
149,42,1,610.01,3
1,70,8,2705.6600000000003,0
113,8,4,2207.4,3
75,94,3,884.14,0
107,116,2,696.89,0
46,61,3,1042.19,3
142,1,1,0.0,3
51,8,1,415.82000000000005,3
0,170,13,3848.55,0
23,220,17,5408.43,6
46,24,3,784.58,3
50,48,3,903.9,3
306,142,4,3648.7200000000003,1
36,31,5,399.21,3
78,66,4,1176.22,3
22,117,6,2171.32,0
107,36,5,1801.14,3
207,40,2,1303.9099999999999,1
16,63,4,1919.23,3
63,33,5,2100.6,3
49,96,4,1905.45,0
319,17,1,206.98,1
44,57,2,570.96,3
3,28,2,885.47,3
372,1,1,15.0,1
172,20,1,532.94,1
56,64,3,1649.3600000000001,3
73,72,14,1648.54,0
99,44,2,636.14,3
37,39,1,547.7,3
58,63,3,794.64,3
254,54,1,836.79,1
70,242,4,2100.15,6
44,47,4,954.09,3
50,10,1,117.47,3
64,24,1,391.98,3
11,54,19,33643.08,7
33,56,3,1020.74,3
58,26,2,345.65999999999997,3
72,36,4,1209.1,3
303,8,1,118.95000000000002,1
46,11,1,130.73999999999998,3
17,97,8,3650.87,0
38,22,2,389.27,3
19,87,2,234.88,0
186,22,2,160.71,1
51,29,1,110.8,3
4,105,12,2969.12,0
136,59,5,712.24,3
4,295,27,15968.14,7
18,14,1,297.0,3
15,145,5,1427.57,0
40,105,8,965.16,0
12,339,8,2981.92,6
8,142,4,832.88,0
25,18,2,68.84,3
22,16,6,1769.7800000000002,3
40,37,3,895.13,3
101,43,1,211.89,3
5,302,15,3795.29,6
277,13,2,149.64,1
32,68,1,351.44,3
14,101,2,316.25,0
63,110,7,4399.9800000000005,0
1,122,2,437.83,0
369,95,1,299.03000000000003,1
312,26,5,438.24,1
198,23,4,495.36,1
2,42,2,396.48,3
92,18,3,379.35,3
60,12,1,181.09,3
80,11,1,141.27,3
156,79,2,420.07,1
226,60,1,511.68,1
253,35,2,258.25,1
149,11,1,179.17,3
194,17,2,208.59,1
1,70,5,1379.63,0
368,4,1,56.25,1
23,44,1,337.28,3
16,102,3,351.73,0
9,46,7,5126.34,0
8,30,1,164.68,3
19,113,7,1567.69,0
3,175,3,882.72,0
173,7,1,191.94,1
0,215,8,1228.88,6
178,19,2,264.62,1
16,124,8,1484.31,0
247,12,1,123.1,1
190,33,2,334.23,1
19,103,2,525.69,0
154,53,4,167.5,3
172,24,1,323.03000000000003,1
373,11,1,363.6,1
372,21,1,127.08,1
194,12,1,207.15,1
67,21,1,426.63,3
4,93,8,2461.85,0
21,63,3,1107.46,3
239,12,2,416.86,1
64,7,1,145.35,3
112,13,5,404.58,3
89,28,15,6102.26,0
311,1,1,35.8,1
133,14,1,337.44,3
276,6,1,325.1,1
365,2,1,181.0,1
82,29,1,1708.24,3
8,51,2,955.24,3
16,12,2,364.72,3
31,86,4,1684.46,0
8,36,2,669.57,3
33,65,4,781.91,3
15,63,8,1651.33,0
24,137,14,4389.81,0
31,40,1,428.89,3
74,7,1,104.35,3
19,26,2,470.76,3
17,88,4,808.87,0
23,73,2,397.68,3
2,20,3,582.9,3
303,11,1,314.1,1
17,10,12,4199.85,0
366,4,1,110.72000000000001,1
39,141,7,3429.55,0
84,24,1,371.01,3
165,83,2,427.64,1
17,48,2,1054.73,3
77,49,1,1098.78,3
88,40,3,2398.86,3
24,53,8,3408.48,0
22,82,4,1465.12,0
2,217,10,2759.93,6
123,29,2,1037.42,3
30,14,1,168.12,3
12,110,7,1432.77,0
19,26,1,156.78,3
44,52,2,792.11,3
3,3,1,41.989999999999995,3
8,335,7,2739.87,6
54,31,1,414.27,3
88,103,6,1016.6800000000001,0
36,370,5,3080.22,6
2,9,3,12393.7,3
29,82,5,2735.37,0
12,173,4,578.71,0
211,8,1,101.4,1
47,221,4,1693.81,6
23,29,3,478.78,3
22,68,4,972.11,3
245,62,3,392.4,1
8,99,16,3352.96,0
35,87,3,1415.29,0
3,30,47,33474.45,7
37,123,3,637.58,0
3,146,3,689.7,0
3,156,8,1440.06,0
47,26,1,211.88,3
39,26,2,408.90000000000003,3
46,133,9,3531.2400000000002,0
16,42,3,851.01,3
260,68,1,602.63,1
46,90,3,719.81,0
12,61,1,251.03,3
29,28,1,439.65999999999997,3
43,30,1,236.09,3
91,11,6,934.62,3
38,44,63,68512.68,5
309,28,1,331.24,1
92,91,2,547.9,3
5,538,20,8694.62,6
196,18,3,437.7,1
87,55,2,758.92,3
269,37,3,855.02,1
7,24,3,454.33,3
65,57,3,1313.55,3
30,6,3,3166.4,3
22,68,5,1177.47,0
37,30,4,773.99,3
119,71,4,1340.7,3
373,8,2,256.44,1
40,248,3,1074.81,6
173,10,1,137.9,1
54,34,1,362.06,3
32,81,2,1511.95,3
145,70,1,783.9,3
220,8,1,134.8,1
45,66,1,650.75,3
16,109,7,2140.2200000000003,0
65,126,6,1453.16,0
9,50,4,1153.62,3
260,23,1,335.32,1
365,71,1,367.14,1
16,77,5,1521.04,0
22,32,2,852.15,3
44,21,1,326.24,3
288,23,1,584.3199999999999,1
297,1,1,94.35,1
3,71,10,2173.53,0
283,1,1,79.2,1
16,18,3,1352.0,3
81,10,2,176.6,3
56,175,5,2799.42,0
100,31,2,1317.62,3
299,38,1,436.18,1
23,123,5,981.51,0
59,24,5,1119.31,3
154,16,2,315.06,1
114,37,3,779.36,3
106,1,1,17.0,3
11,48,4,1066.53,3
264,12,1,320.62,1
240,10,1,185.04999999999998,1
87,34,7,2005.63,3
50,29,3,731.9,3
70,76,1,1245.96,3
42,41,3,1842.14,3
7,30,6,1429.64,3
61,28,1,298.21,3
248,13,1,336.96,1
65,6,1,108.38,3
17,16,7,3204.1600000000003,3
84,48,1,816.1,3
218,18,2,611.88,1
45,283,3,1320.95,6
143,15,4,195.73999999999998,3
183,30,1,161.38,1
170,8,1,135.75000000000003,1
9,169,8,1660.8799999999999,0
211,34,1,592.88,1
189,30,1,232.21,1
8,14,2,423.36,3
59,26,4,1294.14,3
57,170,2,854.66,0
73,26,4,684.4200000000001,3
51,16,1,307.78,3
317,11,1,187.15,1
367,13,1,289.35,1
29,57,4,6287.77,3
39,40,1,656.25,3
17,76,5,1880.22,0
51,55,6,3506.54,3
3,220,33,14326.52,7
21,34,2,603.6899999999999,3
262,21,1,517.55,1
59,35,3,709.38,3
18,25,3,635.41,3
65,32,2,708.18,3
88,30,1,620.4,3
249,37,1,535.34,1
3,75,6,2419.84,0
246,1,1,175.2,1
8,134,11,3737.73,0
157,26,3,734.13,1
133,22,1,375.0,3
296,1,1,76.32000000000001,1
4,18,2,280.52,3
42,91,5,1906.07,0
268,29,1,1829.04,1
49,78,5,1824.23,0
8,108,9,3002.2400000000002,0
15,12,3,644.24,3
281,14,1,348.2,1
65,20,2,1011.13,3
1,286,19,5445.68,6
252,2,1,37.4,1
232,5,2,441.6,1
17,27,3,802.53,3
10,57,27,3770.6,7
8,71,4,1822.97,0
50,106,6,1880.4199999999998,0
59,3,1,73.2,3
95,52,5,1140.21,3
15,70,6,1406.57,0
126,19,3,1009.5500000000001,3
94,45,4,1037.59,3
50,15,1,331.95,3
138,8,1,197.9,3
60,11,1,215.83,3
100,90,8,10226.68,0
73,11,1,305.54,3
72,17,4,6617.65,3
67,15,1,338.71000000000004,3
64,26,6,1155.54,3
16,31,2,529.41,3
22,87,12,3991.94,0
31,160,15,6841.24,0
44,65,4,981.86,3
15,9,2,215.48,3
40,6,1,215.08,3
2,65,13,4926.57,0
236,19,1,314.45,1
75,15,1,400.68100000000004,3
4,149,2,1068.8700000000001,0
3,74,4,1821.52,0
360,18,1,365.27,1
58,27,4,589.15,3
23,45,1,384.18,3
30,73,4,757.63,3
54,52,4,537.0600000000001,3
25,19,1,394.38,3
44,61,2,664.26,3
88,37,5,2262.62,3
1,74,18,21086.3,7
88,23,1,542.77,3
19,40,2,681.19,3
78,6,1,159.0,3
170,36,3,1062.75,1
80,14,1,242.35,3
267,37,1,914.9300000000001,1
235,13,2,266.45000000000005,1
29,56,7,3054.87,0
36,90,3,860.86,0
318,120,1,773.5500000000001,1
57,90,4,1295.3,0
44,109,5,1096.32,0
203,6,3,255.12,1
225,6,1,308.32000000000005,1
87,46,2,1010.6,3
189,32,2,542.03,1
43,24,4,983.23,3
71,22,3,422.13,3
40,42,5,858.41,3
78,20,1,432.2,3
56,18,2,372.9,3
24,126,2,3699.56,0
9,347,13,2590.31,6
8,184,7,3574.91,0
33,49,2,409.1,3
211,88,2,1522.75,1
23,80,3,1352.3600000000001,0
170,16,1,114.56,1
61,7,1,152.94,3
52,67,5,1800.07,3
261,22,2,389.44,1
66,114,2,3683.86,0
16,146,8,2609.3,0
266,13,1,732.63,1
176,2,1,46.95,1
45,111,5,5203.51,0
50,18,1,1035.45,3
17,98,4,728.54,0
9,164,9,5423.15,0
73,44,7,861.89,3
71,45,2,667.65,3
353,54,1,1141.24,1
2,89,5,1404.64,0
116,25,1,411.7,3
373,64,1,351.75,1
196,33,1,559.87,1
176,6,1,810.6000000000001,1
100,23,1,537.83,3
21,102,3,1502.78,0
72,17,1,2062.06,3
339,11,1,168.3,1
5,117,5,1531.51,0
31,87,2,812.68,3
169,8,1,142.5,1
121,17,1,280.9,3
21,102,10,2236.7400000000002,0
9,70,4,1328.55,0
268,20,1,278.55,1
22,22,3,598.2,3
126,11,1,212.82,3
25,119,3,5305.83,0
138,22,1,361.21999999999997,3
213,36,6,602.27,1
37,1,4,2560.0,3
106,39,2,686.67,3
17,35,2,616.26,3
3,16,2,274.15000000000003,3
330,14,1,226.37,1
64,120,8,2786.16,0
119,64,3,1341.65,3
35,19,1,328.15,3
217,3,1,404.40000000000003,1
172,56,2,1038.46,1
72,7,5,230.7,3
1,28,2,326.75,3
196,1,1,207.50000000000003,1
128,100,3,408.59000000000003,3
46,14,3,510.54,3
5,158,14,3014.2200000000003,0
14,142,6,3820.27,0
17,39,3,242.21,3
28,125,7,1572.8,0
7,9,22,26626.8,7
36,10,1,151.05,3
157,11,1,214.79999999999998,1
284,17,1,94.05,1
107,124,1,534.31,0
24,60,4,1959.38,3
75,10,4,322.41,3
16,29,2,328.58,3
158,1,1,101.10000000000001,1
44,35,1,565.46,3
11,61,2,847.45,3
32,157,7,1415.65,0
290,9,1,53.5,1
21,40,4,1116.47,3
332,8,1,153.9,1
17,28,2,494.44,3
3,51,23,6675.71,7
63,38,2,395.8,3
197,20,3,210.32000000000002,1
33,31,3,658.88,3
1,82,4,2024.95,0
7,39,9,1460.3700000000001,0
4,365,6,3344.41,6
9,87,4,891.21,0
32,58,5,650.59,3
53,5,1,109.36000000000001,3
11,48,2,705.79,3
17,45,9,1540.42,0
18,18,1,327.3,3
37,123,2,800.67,0
2,58,2,479.91,3
18,91,3,1545.41,0
82,143,4,1301.91,0
33,86,2,355.73,3
66,101,2,466.73,0
8,104,2,965.47,0
267,5,1,676.2,1
247,22,3,362.95,1
4,87,4,2131.9,0
61,28,1,1743.1499999999999,3
74,80,2,643.76,3
89,33,2,584.5,3
60,52,3,554.86,3
28,76,2,302.57,3
322,4,1,94.36,1
53,33,4,1362.27,3
269,41,1,217.89,1
2,120,13,2967.3,0
56,61,5,1412.06,3
60,150,5,1482.06,0
154,75,2,1632.06,3
19,68,2,408.02,3
94,28,1,303.93,3
1,66,12,4067.14,0
264,55,2,293.45,1
312,10,1,161.05,1
70,23,1,443.05,3
302,3,2,167.25,1
18,55,1,154.35,3
12,99,10,2079.68,0
36,145,5,2022.98,0
19,41,2,211.7,3
53,25,1,135.99,3
56,30,1,262.2,3
21,5,2,126.25,3
44,45,1,200.27,3
26,59,3,1031.4,3
44,76,3,631.12,3
112,36,6,945.96,3
17,68,51,34468.1,7
24,18,1,346.12,3
191,5,1,133.56,1
302,21,1,302.7,1
2,211,10,1863.76,6
263,8,2,241.06,1
106,2,1,284.55,3
57,6,1,300.85,3
213,51,3,623.28,1
64,8,1,287.4,3
28,17,1,184.26,3
29,88,7,1511.8,0
5,74,5,798.35,0
7,186,5,3640.67,0
67,22,2,381.2,3
1,161,3,609.3,0
46,68,4,654.67,3
33,62,1,230.51,3
0,3,2,2.9,3
135,34,1,255.91,3
198,19,1,182.99,1
197,40,2,674.69,1
149,11,1,311.92,3
87,14,1,266.97,3
44,2,2,6.9,3
63,69,7,1841.18,0
99,80,5,2158.18,0
218,9,1,208.36,1
2,52,18,3482.7400000000002,0
28,128,3,811.23,0
177,31,1,142.92,1
73,1,3,102.0,3
21,74,4,1397.45,0
19,152,3,1298.66,0
33,103,7,1595.96,0
74,2,1,74.9,3
23,148,4,625.42,0
51,120,4,752.77,0
274,13,1,223.95000000000002,1
164,18,3,314.86,1
7,237,7,1750.6200000000001,6
88,23,4,544.3,3
63,111,7,2494.46,0
25,15,3,331.0,3
10,35,2,300.83,3
75,51,1,769.29,3
15,18,1,220.62,3
192,19,1,139.35,1
173,25,2,379.40000000000003,1
77,41,1,363.65,3
33,28,3,492.2,3
46,39,1,731.5,3
79,40,4,1329.66,3
296,47,1,826.53,1
3,78,3,648.26,0
8,92,3,1562.22,0
49,128,6,2965.69,0
161,15,2,86.12,1
360,18,2,339.95,1
4,8,6,400.86,3
106,71,4,1421.43,3
25,76,1,465.88,3
31,4,1,777.6,3
19,3,2,90.30000000000001,3
296,13,1,363.7,1
372,13,1,248.1,1
21,135,3,918.33,0
4,33,4,874.59,3
52,89,5,1624.14,0
30,6,1,101.69999999999999,3
277,17,1,162.7,1
61,36,2,480.92,3
25,13,2,215.07999999999998,3
186,129,3,1036.6200000000001,1
1,151,21,9295.67,7
2,75,26,11895.57,7
171,15,1,290.36,1
81,14,1,228.06,3
3,17,1,244.41,3
190,30,1,455.25,1
22,68,7,1244.59,0
17,2,3,6748.8,3
19,112,3,1014.19,0
5,31,1,593.75,3
110,49,1,538.17,3
2,36,4,1388.81,3
53,5,1,119.62,3
164,3,1,339.3,1
290,25,2,787.15,1
10,445,10,4034.9,6
108,162,5,2279.87,0
95,26,3,922.12,3
242,17,2,379.73,1
163,62,12,5668.82,0
42,51,3,648.35,3
35,15,2,285.89,3
66,144,7,3313.79,0
24,11,2,281.85,3
0,264,20,8257.04,6
26,53,2,816.51,3
5,29,2,511.12,3
53,19,1,1077.74,3
364,3,1,173.7,1
15,14,5,614.01,3
194,34,2,865.6,1
3,5,1,124.2,3
15,68,10,3668.1,0
26,73,3,1285.22,3
127,40,3,999.7,3
84,40,2,648.41,3
71,28,1,451.44,3
182,9,1,70.44,1
113,6,1,313.62,3
373,14,1,233.45,1
80,25,2,908.03,3
248,8,1,463.95,1
232,13,1,225.15,1
71,31,3,459.24,3
68,10,1,213.5,3
4,142,16,4073.28,0
50,24,3,330.03,3
75,53,1,181.09,3
61,83,1,360.16,3
15,12,2,250.15,3
4,7,1,90.04,3
285,10,1,140.7,1
4,50,6,813.52,3
40,29,1,242.7,3
36,29,1,497.37,3
74,34,2,482.47,3
17,140,14,3038.67,0
15,155,7,5450.96,0
219,6,1,75.66,1
186,9,1,129.49,1
32,48,4,1187.66,3
70,30,1,618.59,3
182,26,1,506.19,1
15,31,2,500.42,3
235,5,1,151.85,1
31,79,5,2630.64,0
263,14,1,204.41,1
3,9,2,178.96,3
51,22,4,813.48,3
245,5,1,129.45,1
80,44,2,810.5699999999999,3
274,23,1,333.08,1
0,86,17,4379.65,0
79,20,1,322.8,3
29,79,5,2183.04,0
73,58,2,408.63,3
17,115,6,2878.15,0
222,9,2,217.9,1
32,66,4,1124.59,3
22,92,10,1676.47,0
31,48,3,1169.38,3
105,12,1,231.10000000000002,3
4,32,2,679.83,3
245,27,1,487.51,1
177,62,2,833.78,1
169,12,2,214.06,1
42,19,1,270.86,3
71,24,1,518.42,3
58,74,7,6661.42,0
16,67,2,1166.92,3
141,29,4,594.97,3
17,208,6,3789.52,6
22,14,15,8568.24,0
9,158,4,874.43,0
368,8,1,123.24,1
189,2,1,39.12,1
16,16,4,810.45,3
362,9,1,135.39999999999998,1
19,32,1,118.98,3
68,52,2,567.1800000000001,3
15,9,6,306.71999999999997,3
23,141,3,1344.88,0
16,179,11,4022.46,0
28,3,3,1692.27,3
2,22,20,8119.6900000000005,0
54,89,2,304.24,3
33,75,4,1558.72,0
2,92,12,3064.24,0
366,3,1,129.75,1
43,10,1,183.7,3
72,18,6,1770.34,3
4,15,5,1028.0,3
4,119,28,65920.12,7
61,60,2,324.24,3
47,406,7,2955.38,6
1,52,4,1260.86,3
75,12,2,355.09999999999997,3
72,10,2,208.63,3
256,2,2,1276.0,1
68,58,2,477.86,3
135,7,4,657.9000000000001,3
241,20,1,112.75,1
226,4,2,1998.0,1
8,159,13,5051.35,0
8,99,13,5150.2699999999995,0
0,133,20,13953.970000000001,7
37,108,3,531.35,0
45,27,1,656.63,3
84,64,5,3029.87,3
19,268,10,2467.99,6
3,18,5,1651.03,3
9,259,11,3611.31,6
18,338,15,6835.83,6
218,77,3,879.06,1
78,19,1,301.71999999999997,3
266,1,2,319.8,1
23,176,6,3273.26,0
369,41,1,606.0500000000001,1
14,107,7,1757.47,0
26,25,1,152.95,3
262,37,1,292.47,1
17,96,13,4711.21,0
91,37,2,576.4,3
302,110,7,752.32,1
26,121,5,1358.74,0
364,41,1,256.32,1
46,218,4,1048.28,6
38,234,21,7172.07,6
52,75,3,702.79,3
31,28,1,603.75,3
52,44,3,646.76,3
78,88,5,2216.06,0
53,1,1,417.59999999999997,3
297,1,1,3.75,1
176,13,1,312.54999999999995,1
46,1,1,464.9,3
29,89,7,2166.88,0
11,198,7,1291.91,0
86,148,17,7157.1,0
4,234,18,6676.76,6
37,34,2,826.96,3
17,42,5,1515.9,3
44,74,5,623.93,0
30,24,1,1764.72,3
372,9,1,207.5,1
58,34,1,223.92000000000002,3
372,2,1,2002.4,1
114,133,3,1465.78,0
214,13,1,239.4,1
318,7,1,106.83000000000001,1
65,22,1,369.34000000000003,3
7,40,3,772.84,3
96,13,1,316.62,3
19,51,3,1207.24,3
198,23,1,594.9,1
3,209,13,2749.9500000000003,6
294,1,1,34.0,1
273,17,2,1145.6,1
30,148,11,5575.56,0
47,47,3,458.04,3
260,33,1,361.54,1
57,116,5,731.9,0
33,200,5,2242.61,0
57,23,1,171.59,3
67,36,4,654.92,3
10,84,11,1691.51,0
60,61,1,371.54,3
80,45,2,222.62,3
74,16,2,245.94,3
2,161,22,10436.050000000001,7
100,51,2,422.24,3
372,17,1,294.65,1
10,103,13,2236.25,0
19,3,1,107.6,3
123,138,2,594.39,0
8,5,1,80.8,3
3,88,6,1520.1200000000001,0
29,218,7,1690.28,6
282,11,2,110.38000000000001,1
57,16,1,243.84,3
1,142,10,1179.55,0
365,64,1,414.88,1
89,18,1,305.62,3
11,148,1,1162.65,0
163,72,4,842.33,1
65,24,1,332.3,3
23,59,3,536.99,3
173,94,2,460.59,1
103,68,4,762.16,3
142,57,3,1121.59,3
99,21,2,288.42,3
23,79,5,914.69,0
192,15,1,309.54,1
4,26,2,547.07,3
360,15,1,479.35,1
8,248,10,1652.18,6
14,122,21,6408.2,7
103,28,4,417.06,3
2,73,9,1492.8500000000001,0
10,172,11,3317.97,0
95,26,1,497.61,3
227,34,1,358.38,1
15,23,2,460.64,3
38,27,2,775.1800000000001,3
51,22,1,341.7,3
93,8,2,128.5,3
156,11,1,197.22,1
38,23,1,325.91,3
184,11,3,199.15,1
1,46,4,1106.53,3
227,24,1,413.46,1
128,10,2,180.85,3
39,11,2,251.87,3
31,123,11,3167.73,0
197,24,2,582.9,1
8,114,34,15517.16,7
36,101,6,1774.62,0
100,45,3,1260.44,3
42,226,16,10183.82,6
50,11,1,214.32,3
43,12,1,193.44,3
52,14,1,281.42,3
186,8,1,124.57,1
333,19,1,332.41,1
4,17,3,342.45,3
10,9,2,144.91000000000003,3
23,19,2,328.4,3
14,2,1,35.400000000000006,3
368,9,1,345.89,1
144,50,2,473.14,3
59,6,2,173.76,3
31,25,2,481.35,3
140,10,3,207.73999999999998,3
22,113,4,797.3199999999999,0
22,131,6,2761.4900000000002,0
77,5,3,680.02,3
4,179,6,7066.31,0
67,93,5,2024.31,0
12,111,6,846.62,0
84,3,1,0.0,3
30,121,7,1491.43,0
66,1,1,432.0,3
66,39,3,705.12,3
187,33,2,272.48,1
37,26,2,429.84000000000003,3
15,82,3,450.41,0
35,35,1,192.32999999999998,3
194,112,3,1578.67,1
1,166,5,742.43,0
1,87,5,505.44,0
366,44,1,145.93,1
64,57,1,202.27,3
299,37,2,213.03,1
26,150,3,501.03,0
7,80,6,1271.06,0
16,78,3,877.84,0
116,43,1,1706.88,3
29,50,1,363.2,3
4,387,16,3653.75,6
5,117,7,3020.65,0
81,74,4,559.59,3
29,89,5,928.76,0
72,18,1,364.14,3
4,318,8,1508.96,6
28,88,11,2515.93,0
290,8,1,113.44,1
36,25,1,183.76,3
9,46,6,621.6800000000001,3
23,129,2,562.41,0
276,9,1,391.52,1
49,97,6,1045.42,0
156,141,11,2592.25,0
61,50,1,154.18,3
12,313,19,6731.55,6
21,69,3,722.64,3
371,14,1,230.25,1
115,5,3,543.05,3
80,69,17,2813.45,0
3,51,7,1295.39,0
26,47,3,378.89,3
5,448,21,4554.87,6
53,44,1,150.23000000000002,3
1,42,2,550.33,3
54,59,2,931.03,3
25,56,1,261.9,3
8,212,4,1878.43,6
52,226,3,3049.88,6
12,159,9,1878.51,0
211,23,3,816.73,1
21,137,19,4345.5,0
235,21,1,406.48,1
138,15,3,435.02,3
3,57,6,1161.27,0
56,39,3,1178.56,3
134,73,3,1262.75,3
109,16,2,167.61,3
30,1,1,20.8,3
0,40,9,2085.08,0
184,18,4,493.67,1
17,16,1,292.34,3
239,15,2,416.64,1
87,7,1,117.35000000000001,3
38,92,3,507.05,0
116,14,1,234.17,3
187,7,1,110.55000000000001,1
226,26,1,201.19,1
8,8,7,2148.47,3
189,21,1,319.02,1
4,31,2,439.43,3
39,42,3,650.41,3
38,40,1,357.21,3
267,2,1,251.51999999999998,1
77,39,1,344.33,3
3,64,6,1809.05,0
255,71,2,1028.46,1
60,22,1,384.06,3
12,112,7,1894.82,0
88,354,2,4373.54,6
17,62,10,5461.62,0
29,3,2,1873.2,3
3,74,7,1616.8,0
5,7,1,126.12,3
7,7,6,1133.25,3
218,1,1,179.0,1
10,84,5,1614.31,0
30,13,6,1436.3100000000002,3
288,7,3,702.0,1
149,1,4,287.5,3
23,21,2,484.82,3
0,75,11,3989.57,0
85,41,3,1487.78,3
46,38,2,1312.1399999999999,3
4,37,4,781.78,3
50,50,6,877.4300000000001,3
18,11,1,185.46,3
30,15,1,270.9,3
8,63,3,562.6800000000001,3
28,182,3,1838.6100000000001,0
2,88,20,8572.61,7
40,15,2,920.1,3
11,166,4,1258.08,0
31,7,1,71.0,3
45,2,3,95.85,3
60,8,3,357.77,3
185,4,2,154.82999999999998,1
78,110,6,835.86,0
110,1,2,716.0,3
63,11,1,146.87,3
11,19,2,380.35,3
86,24,3,1030.14,3
16,28,3,734.5699999999999,3
245,27,2,388.33,1
87,75,1,1253.22,3
30,22,1,112.4,3
137,15,1,449.73,3
26,59,3,1055.69,3
2,74,5,1036.58,0
32,100,4,1735.18,0
25,6,1,932.53,3
113,20,3,339.44,3
157,22,1,642.02,1
85,59,3,1100.9,3
117,41,3,864.32,3
2,201,9,5589.83,6
96,169,6,3185.64,0
194,40,1,240.89000000000001,1
28,72,1,399.09,3
130,13,1,496.38,3
28,64,5,1353.83,3
81,51,3,1179.89,3
29,292,5,3080.39,6
266,5,1,234.24,1
73,57,11,5116.13,0
313,52,4,533.33,1
21,66,7,1421.79,0
58,53,3,855.45,3
12,116,21,4531.34,0
28,111,9,2655.2200000000003,0
114,62,1,304.24,3
28,102,9,2385.48,0
17,142,4,1446.09,0
17,62,4,813.77,3
36,17,3,841.0799999999999,3
36,28,2,378.2,3
78,2,1,118.80000000000001,3
22,8,2,285.5,3
25,55,2,288.91,3
33,75,2,2003.85,3
109,24,3,1405.78,3
35,146,2,2747.9900000000002,0
123,115,5,1552.45,0
7,76,6,2050.08,0
28,96,4,1991.01,0
4,45,7,1972.55,0
2,119,9,3802.81,0
50,99,4,1774.03,0
322,14,1,270.2,1
22,69,3,1296.36,3
15,46,4,992.6800000000001,3
2,153,8,937.92,0
18,65,2,971.74,3
10,28,4,1621.73,3
261,1,1,25.5,1
159,80,2,665.78,1
33,269,6,10457.98,6
29,107,6,865.9300000000001,0
165,12,1,163.29999999999998,1
47,29,1,231.61,3
5,85,8,739.72,0
8,33,3,806.9000000000001,3
288,9,1,116.19999999999999,1
317,10,1,157.02,1
3,35,2,593.61,3
233,18,1,307.46,1
119,7,1,138.32,3
161,9,1,345.29999999999995,1
185,31,1,294.24,1
50,34,1,230.5,3
152,187,5,989.45,0
334,14,1,157.09,1
5,78,5,2463.17,0
15,13,7,4892.240000000001,3
106,21,2,413.2,3
16,34,7,1139.73,3
275,24,1,380.5,1
15,309,12,10564.62,6
247,16,1,454.12,1
239,15,1,579.0,1
1,42,2,984.57,3
105,33,3,749.78,3
22,68,4,1698.09,3
51,9,1,124.88,3
194,9,3,1503.5,1
24,14,1,213.78,3
75,23,1,329.34,3
17,19,2,251.70000000000002,3
7,11,2,306.55,3
32,53,3,1266.97,3
21,96,3,1534.73,0
31,111,6,3518.03,0
28,81,10,1707.21,0
21,3,2,293.1,3
32,92,7,2466.4,0
284,10,1,158.68,1
38,11,2,189.49,3
57,51,2,816.88,3
289,16,1,224.91,1
78,15,1,317.76,3
5,36,8,3755.65,0
217,4,1,59.9,1
44,42,4,1430.94,3
201,15,1,306.13,1
178,56,3,711.79,1
56,91,4,768.32,0
57,23,2,239.92000000000002,3
7,42,6,3286.9100000000003,3
46,1,2,144.0,3
226,10,1,203.95,1
11,71,7,2295.73,0
106,52,2,383.75,3
58,19,2,249.74,3
28,163,7,2093.68,0
35,17,7,1674.46,3
273,26,2,262.62,1
29,29,1,1013.01,3
23,89,3,692.22,0
53,38,1,289.78,3
35,116,6,3560.08,0
175,44,4,1412.41,1
53,13,1,384.08,3
53,7,1,204.24,3
26,150,8,2299.67,0
253,4,1,226.85,1
40,85,7,2741.08,0
60,79,6,974.12,0
234,9,1,113.5,1
4,146,10,1951.97,0
31,24,1,114.23,3
24,303,14,3187.55,6
7,59,2,334.48,3
65,27,1,328.65,3
310,43,2,416.89,1
308,21,1,393.49,1
18,28,6,939.32,3
15,140,8,1906.09,0
96,39,2,318.76,3
264,51,8,3470.22,1
12,292,10,3093.92,6
2,30,2,417.77,3
35,25,1,190.88,3
182,14,1,149.89000000000001,1
25,24,2,550.06,3
12,88,6,916.13,0
11,18,2,314.69,3
2,297,17,3719.1,6
312,15,1,382.5,1
108,30,2,1135.04,3
1,180,26,8491.5,7
53,31,1,954.9,3
204,9,1,171.45,1
15,53,1,280.09000000000003,3
120,68,1,318.65,3
3,55,2,381.97,3
362,37,1,269.83,1
116,86,2,348.91,3
18,18,1,178.26,3
4,100,2,271.19,0
40,69,2,291.48,3
107,12,2,240.0,3
148,104,2,581.23,3
52,9,5,1253.3600000000001,3
208,23,1,63.440000000000005,1
138,106,2,550.01,3
2,60,3,296.58,3
127,37,2,317.2,3
107,3,4,763.64,3
42,70,4,2144.53,3
35,24,1,107.82,3
227,67,2,1065.3500000000001,1
241,15,1,246.04,1
57,8,1,187.82999999999998,3
130,79,3,1685.46,3
60,229,6,1636.58,6
21,44,1,151.37,3
26,88,7,1049.06,0
9,118,7,1417.63,0
31,86,3,922.77,0
3,92,2,513.01,0
308,1,1,550.8000000000001,1
8,93,9,1854.06,0
28,53,3,547.0,3
17,49,1,128.18,3
101,30,2,498.42,3
11,50,4,656.61,3
21,59,1,163.24,3
14,68,5,1119.93,0
361,53,1,250.04,1
10,13,19,8600.73,0
95,11,1,82.75,3
78,55,2,1384.85,3
138,11,3,644.3,3
31,24,1,2291.81,3
24,120,8,2514.76,0
1,256,38,6250.93,7
46,8,3,2562.18,3
100,57,3,1200.6200000000001,3
8,94,2,657.16,0
15,125,7,894.44,0
17,43,4,986.48,3
280,6,1,96.8,1
14,29,2,523.11,3
22,5,2,363.9,3
123,1,1,175.2,3
85,28,1,494.25,3
302,11,2,306.6,1
151,421,4,1929.96,6
17,389,8,6477.49,6
94,9,2,243.36,3
29,229,11,12190.99,6
156,147,3,682.29,0
355,17,1,193.64,1
46,31,1,157.62,3
15,70,4,519.6899999999999,3
3,299,15,2557.9,6
86,1,1,228.96,3
14,180,5,1156.6,0
179,8,1,98.25,1
8,66,4,1251.44,3
36,22,3,587.15,3
129,5,2,1740.0,3
50,15,1,1393.06,3
311,19,1,178.22,1
24,41,2,384.39,3
303,55,2,360.81,1
11,13,1,127.86,3
17,113,3,568.24,0
49,26,3,488.2,3
239,30,2,312.23,1
0,288,11,4437.23,6
12,278,8,4767.36,6
238,33,1,167.55,1
23,93,8,1315.72,0
72,31,4,446.18,3
17,83,3,418.4,0
40,215,8,1337.18,6
40,47,4,646.92,3
218,24,2,495.77,1
199,63,3,400.1,1
70,23,2,203.2,3
23,190,20,4058.32,6
11,71,1,389.71999999999997,3
8,40,29,20272.43,7
65,2,1,65.4,3
4,49,1,193.39000000000001,3
19,12,2,336.4,3
14,42,1,256.11,3
7,23,6,2686.42,3
19,71,2,746.81,3
77,13,4,1259.56,3
0,45,34,31687.28,7
163,2,2,508.8,1
306,53,2,417.27,1
219,4,1,203.86999999999998,1
39,24,8,7330.8,3
22,88,2,681.41,0
114,30,3,653.38,3
126,175,5,2097.84,0
4,33,13,2633.85,0
36,32,1,263.92,3
4,111,15,31488.82,7
1,77,3,967.22,0
333,99,3,1883.22,1
163,2,1,32.65,1
184,13,2,771.85,1
16,57,5,1214.72,3
12,39,3,778.94,3
2,48,7,1258.06,0
43,5,2,778.0,3
79,14,1,507.84,3
29,186,7,6838.34,0
42,29,2,463.46000000000004,3
11,155,12,4200.97,0
50,28,3,598.83,3
16,93,6,1853.13,0
46,26,2,663.63,3
19,42,2,759.17,3
8,179,6,5022.26,0
71,2,1,100.8,3
0,252,28,17113.55,7
128,36,3,512.12,3
32,14,2,265.76,3
313,41,1,403.3,1
18,44,2,365.76,3
88,53,1,303.15999999999997,3
2,100,7,2333.42,0
1,7,2,216.29999999999998,3
253,17,1,378.3,1
156,3,3,177.1,1
36,96,6,2227.2599999999998,0
219,1,1,534.24,1
147,132,3,2940.04,0
176,6,2,120.9,1
40,33,2,541.53,3
2,178,7,2503.21,0
8,124,46,189575.53,2
1,83,7,1648.95,0
17,19,2,486.71999999999997,3
192,57,4,517.53,1
203,8,1,131.7,1
365,17,1,249.86,1
126,14,5,1737.7,3
15,52,1,316.5,3
43,88,2,657.3,3
94,18,6,452.63,3
22,104,3,735.82,0
60,25,2,662.94,3
16,162,5,1860.81,0
158,9,1,289.96000000000004,1
10,41,2,763.28,3
10,5,2,137.0,3
16,61,5,1843.06,0
44,67,5,1125.07,3
191,142,3,697.54,1
79,14,1,194.37,3
77,29,1,506.32,3
3,69,4,1249.34,0
65,18,3,414.04,3
261,24,1,396.87,1
58,28,2,376.64,3
0,63,7,1937.19,0
1,72,10,3541.92,0
248,12,1,374.57,1
7,21,2,497.56,3
358,10,1,271.05,1
75,17,1,272.22,3
289,40,1,622.88,1
17,3,3,1138.0,3
220,18,2,288.6,1
9,25,4,689.1,3
2,36,2,558.96,3
206,112,9,2745.2799999999997,1
161,48,2,1145.84,1
75,14,1,294.29,3
261,79,2,605.58,1
280,22,1,387.31,1
57,75,8,6069.24,0
24,20,1,308.48,3
2,453,31,88293.31,5
28,61,10,2920.04,0
72,6,1,513.2,3
128,40,1,208.65,3
31,49,4,639.02,3
15,113,5,764.88,0
308,11,1,153.94,1
17,60,6,1839.07,0
53,30,1,546.81,3
29,38,3,721.9599999999999,3
1,59,5,1070.71,3
11,25,4,652.74,3
361,6,1,145.0,1
359,9,1,422.70000000000005,1
4,17,4,706.7,3
53,45,4,888.86,3
1,183,8,3539.5,0
1,306,10,2367.12,6
190,14,1,296.7,1
53,9,1,223.36,3
280,13,1,164.4,1
177,3,1,76.5,1
29,74,2,887.67,3
25,9,1,98.42,3
24,20,2,570.4,3
269,24,1,170.75,1
43,122,3,642.32,0
233,5,1,0.0,1
23,5,2,148.86,3
197,42,3,267.16,1
359,39,1,290.34,1
60,43,4,930.41,3
129,2,1,1487.6,3
1,58,5,1952.45,0
19,101,2,480.31,0
205,6,1,157.9,1
14,27,3,541.46,3
94,22,5,854.95,3
19,44,1,165.12,3
14,48,7,1107.38,3
24,38,3,454.01,3
8,113,2,869.77,0
7,110,8,4066.17,0
332,29,1,344.14,1
50,247,4,1425.67,6
71,7,4,226.75000000000003,3
29,24,3,362.9,3
242,8,1,185.65,1
8,245,19,3399.93,6
218,5,1,124.74,1
4,46,3,440.2,3
252,43,3,215.72,1
0,229,25,10730.86,7
236,28,1,175.27,1
7,30,2,1227.3,3
109,176,4,1116.68,0
100,19,3,1240.2,3
60,172,4,2404.17,0
2,162,3,1468.02,0
73,81,7,2192.7200000000003,0
3,190,5,3908.08,0
85,42,2,993.18,3
12,68,2,386.69,3
23,168,7,2806.69,0
213,55,1,2044.3700000000001,1
17,13,1,161.67000000000002,3
239,9,1,116.00999999999999,1
2,335,6,5002.22,6
78,11,1,390.97,3
217,57,2,309.36,1
33,54,2,191.99,3
40,199,5,1099.28,0
7,440,15,3924.77,6
53,116,6,2000.32,0
22,211,14,4494.77,6
57,97,1,386.32,3
130,13,3,329.6,3
173,1,3,571.1999999999999,1
5,56,3,930.28,3
312,71,1,214.37,1
59,4,1,81.44,3
21,24,3,1379.9,3
32,33,1,527.0500000000001,3
14,49,2,843.48,3
18,223,4,2020.4,6
81,5,1,75.75,3
5,106,8,1784.12,0
169,24,2,503.59999999999997,1
1,39,3,528.33,3
31,59,4,1309.84,3
36,209,9,2358.59,6
19,20,1,265.93,3
31,35,2,547.0600000000001,3
276,7,1,108.5,1
86,5,1,621.66,3
119,34,2,712.29,3
373,8,1,101.55,1
1,102,11,2810.15,0
219,46,3,994.39,1
65,7,1,133.06,3
60,81,4,1789.55,0
138,52,1,861.74,3
21,8,1,166.08,3
11,149,10,3888.17,0
25,118,12,4737.13,0
36,44,4,1175.88,3
277,22,1,117.55,1
10,66,7,2571.7400000000002,0
73,67,5,1674.69,3
25,17,2,485.88,3
17,127,12,2954.75,0
141,37,1,178.75,3
25,63,7,1788.27,0
18,41,2,604.64,3
3,14,2,728.16,3
66,85,5,2055.51,0
1,14,2,347.75,3
42,45,7,3406.7200000000003,3
227,11,1,205.7,1
15,40,4,1286.08,3
50,105,2,3106.62,0
1,118,6,1588.07,0
74,19,2,551.04,3
1,239,31,20105.6,7
4,49,6,1371.18,3
1,178,30,16203.28,7
263,16,1,298.11,1
52,29,2,1992.1100000000001,3
23,11,1,184.4,3
10,48,6,2459.33,3
43,15,1,239.41,3
16,88,7,3155.83,0
7,205,7,5739.46,6
30,186,15,4717.3,6
358,18,2,290.40000000000003,1
127,34,4,733.4399999999999,3
137,16,1,187.01999999999998,3
141,15,1,283.12,3
131,30,2,765.34,3
38,78,8,2214.9500000000003,0
236,19,1,338.95,1
260,8,1,154.95,1
16,116,4,2518.7400000000002,0
252,24,1,417.95,1
30,58,4,1807.87,3
35,47,3,798.74,3
168,27,2,885.19,1
3,63,9,1781.12,0
4,270,17,10083.56,6
185,3,2,152.4,1
187,28,2,263.33,1
169,7,1,137.45,1
10,22,2,385.1,3
44,29,1,522.91,3
320,10,1,153.0,1
200,1,1,326.4,1
22,171,11,5550.79,0
232,6,1,139.35,1
37,111,15,5367.8,0
26,39,4,1195.94,3
96,111,4,2410.64,0
127,4,6,3276.4000000000005,3
71,38,3,995.6500000000001,3
16,115,11,3371.13,0
15,66,1,1042.55,3
3,153,3,2860.71,0
3,127,13,5288.83,0
79,54,4,878.2,3
372,18,1,303.97,1
38,33,2,692.19,3
53,40,3,700.63,3
2,319,19,13110.02,6
9,24,3,337.49,3
9,8,2,168.24,3
19,89,4,1863.35,0
11,29,7,2786.05,3
113,13,2,355.11,3
3,110,6,2322.4,0
240,6,1,98.8,1
112,1,1,65.45,3
178,33,2,674.52,1
5,101,9,1710.45,0
359,1,1,80.64,1
0,82,5,1623.0,0
1,275,30,5573.59,7
19,310,8,3408.2000000000003,6
17,82,3,819.96,0
21,25,2,287.59,3
32,19,1,712.78,3
263,1,1,15.0,1
50,71,2,772.55,3
158,51,3,367.63,1
15,21,1,271.2,3
8,77,3,2081.9,0
12,200,10,3920.08,6
198,33,5,1143.27,1
56,51,2,245.81,3
10,50,2,173.45,3
96,123,4,1213.73,0
254,3,1,56.4,1
24,141,3,647.56,0
21,73,3,633.92,3
159,12,2,188.02,1
72,67,2,283.47,3
53,13,1,131.94,3
85,57,2,266.85,3
152,94,4,1817.54,3
73,3,2,1117.9,3
281,14,1,225.9,1
26,121,14,1964.3,0
29,10,1,106.1,3
25,49,1,300.34,3
179,43,2,342.83,1
40,63,4,690.0,3
22,102,3,780.43,0
22,280,10,3009.32,6
37,51,9,1187.21,0
82,102,3,1285.04,0
73,10,1,512.31,3
11,43,1,546.04,3
16,46,12,5352.66,0
4,359,39,7601.93,7
12,113,4,699.81,0
14,297,5,1641.79,6
36,16,4,36.56,3
4,32,3,387.68,3
71,36,7,3661.0699999999997,3
51,13,1,298.4,3
5,190,5,1987.33,0
22,54,4,1609.92,3
298,30,1,889.24,1
1,18,3,398.7,3
33,2,1,35.400000000000006,3
49,61,1,155.37,3
2,45,3,342.24,3
47,23,1,110.21000000000001,3
42,110,8,1508.38,0
26,96,5,2267.4,0
42,50,1,318.15,3
1,1323,124,39920.11,4
303,36,1,205.48,1
106,5,1,51.559999999999995,3
85,1,1,2033.1,3
81,41,9,901.1999999999999,3
218,14,4,605.8000000000001,1
372,21,34,5313.64,7
11,21,2,114.34,3
185,15,2,311.26,1
372,17,1,208.97,1
1,12,4,1393.79,3
4,19,23,26759.74,7
5,101,12,5140.66,0
304,23,1,141.92000000000002,1
368,49,1,226.45000000000002,1
3,172,8,2056.2799999999997,0
323,11,1,330.9,1
59,110,6,3160.0,0
12,70,3,554.85,3
30,191,20,10155.220000000001,6
142,9,1,325.7,3
30,62,6,583.52,0
107,37,5,428.18,3
2,214,12,1860.94,6
204,10,1,155.9,1
80,24,5,1804.5600000000002,3
185,37,6,658.26,1
170,12,1,237.61,1
43,26,1,379.45,3
173,6,1,178.51999999999998,1
364,26,1,458.92,1
304,8,1,133.35000000000002,1
3,133,4,664.34,0
3,107,4,695.0699999999999,0
12,50,1,156.34,3
31,93,3,869.28,0
129,10,1,111.35,3
21,60,8,515.73,0
212,20,2,201.37,1
322,88,2,586.89,1
162,34,1,203.85999999999999,1
56,27,3,244.1,3
225,15,1,107.21,1
71,127,8,1118.96,0
44,15,1,95.45,3
23,2,1,256.32,3
172,100,3,516.3100000000001,1
85,27,2,152.06,3
159,29,1,154.55,1
190,4,2,15.0,1
29,19,1,110.38,3
21,33,1,168.32,3
71,33,4,798.99,3
247,12,1,72.9,1
373,51,1,232.03,1
9,39,1,366.23,3
310,35,5,294.65999999999997,1
58,55,2,408.65,3
3,72,1,329.36,3
45,77,3,335.03,3
88,23,1,1304.04,3
4,407,17,4119.5,6
64,114,4,820.23,0
282,1,1,207.50000000000003,1
11,26,7,2905.44,3
372,1,1,244.08,1
133,17,2,397.29,3
45,23,2,212.54,3
11,4,4,834.5,3
35,26,5,1740.48,3
134,63,2,408.36,3
29,84,3,1331.57,0
51,21,2,704.25,3
138,28,2,145.79,3
5,68,1,380.13,3
8,19,7,4301.22,3
159,12,1,99.14,1
49,6,10,2152.1800000000003,3
130,2,1,304.56,3
7,2,1,77.50000000000001,3
233,18,2,149.57999999999998,1
37,9,1,176.68,3
147,1,1,358.56000000000006,3
1,29,45,53690.74,7
72,63,3,472.12,3
39,18,3,990.8400000000001,3
5,326,12,2291.68,6
198,14,4,557.3,1
249,1,1,12.75,1
66,31,1,111.68,3
116,7,1,508.4599999999999,3
171,26,1,73.78,1
21,211,39,1296.44,7
142,33,1,102.41,3
31,84,2,463.21,3
37,274,14,2599.19,6
37,53,5,1098.43,3
371,41,1,112.27,1
373,74,1,265.1,1
166,14,2,228.2,1
211,27,1,562.79,1
241,30,1,135.19,1
51,15,1,337.04,3
24,143,3,703.99,0
15,189,13,4388.06,6
372,56,1,321.79,1
29,19,1,288.14,3
365,12,1,300.91999999999996,1
35,116,4,712.51,0
165,23,3,811.45,1
145,48,1,152.68,3
22,20,1,631.35,3
56,1,1,20.8,3
185,13,1,198.57,1
11,37,7,191.17000000000002,3
236,27,3,630.84,1
225,4,2,93.35,1
121,63,4,626.09,3
281,2,1,76.1,1
74,133,8,1537.67,0
37,87,2,380.39,3
12,56,2,415.13,3
362,32,1,157.92,1
3,52,2,226.47,3
23,21,1,444.68,3
70,24,9,2116.19,3
235,31,1,242.29,1
256,14,1,174.8,1
373,28,1,102.78999999999999,1
155,31,2,187.29,1
28,29,1,162.22,3
4,46,1,120.03,3
32,90,5,1477.66,0
81,1,3,523.0,3
108,29,2,122.14,3
51,5,1,38.45,3
35,141,1,612.72,0
152,21,2,236.77999999999997,3
98,21,1,115.31,3
4,8,2,220.7,3
334,5,1,73.5,1
65,32,1,93.82000000000001,3
21,99,2,418.68,0
35,44,3,713.89,3
32,77,3,403.12,3
154,19,6,70.02,3
19,18,2,357.20000000000005,3
11,285,21,4075.12,6
53,7,1,165.04999999999998,3
24,106,3,529.29,0
4,88,10,2085.65,0
45,43,1,178.34,3
203,6,2,172.29000000000002,1
359,5,1,74.4,1
70,20,1,297.07,3
7,223,10,6729.29,6
288,19,1,363.65,1
9,3,1,170.16,3
23,17,3,296.71,3
21,18,10,2119.41,3
173,23,3,720.52,1
133,7,2,814.0,3
5,110,14,2380.08,0
75,10,1,318.0,3
40,36,1,396.33,3
289,1,1,101.69999999999999,1
26,334,5,1999.34,6
257,23,2,453.0,1
185,18,1,20.04,1
114,23,12,3846.7400000000002,3
373,13,1,489.6,1
23,97,10,2538.7200000000003,0
8,101,11,2584.41,0
217,27,2,336.13,1
45,99,4,3613.15,0
18,2,2,1231.5,3
36,14,3,343.45,3
25,62,1,680.84,3
16,1,1,90.47999999999999,3
330,25,2,689.95,1
274,7,1,101.34,1
98,2,2,4055.7199999999993,3
61,35,1,166.03,3
2,28,11,9065.76,0
93,31,4,2083.42,3
81,39,7,3017.3,3
312,20,2,580.0500000000001,1
11,157,3,849.06,0
7,65,6,2662.4,0
127,19,1,168.31,3
11,37,2,222.4,3
0,150,60,259657.3,2
37,38,1,754.64,3
37,18,1,113.48000000000002,3
329,33,1,421.9,1
254,17,1,264.65,1
1,119,26,7879.37,7
19,33,1,168.55,3
12,26,2,352.69,3
368,1,1,76.32000000000001,1
290,28,1,220.1,1
67,230,8,1403.1100000000001,6
25,68,1,315.65,3
10,424,26,5567.03,6
367,29,1,180.7,1
214,17,1,111.15,1
149,28,2,653.3,3
8,239,6,1793.06,6
24,31,2,574.4399999999999,3
29,164,4,1130.1,0
60,52,1,200.92000000000002,3
19,41,3,347.08,3
243,13,1,112.55000000000001,1
15,58,3,1045.74,3
212,1,1,931.4999999999999,1
29,11,5,681.9100000000001,3
63,34,3,761.83,3
295,8,1,152.65,1
17,35,6,8438.34,3
157,9,2,1014.9,1
116,59,2,1000.16,3
7,27,12,2888.75,0
12,174,4,2861.55,0
140,10,2,160.35000000000002,3
45,7,2,179.33999999999997,3
50,11,3,612.0799999999999,3
32,29,3,566.58,3
134,38,2,653.35,3
3,15,2,399.19,3
75,19,3,347.82,3
12,100,2,675.64,0
9,24,2,451.75,3
301,23,1,530.15,1
57,37,2,638.0600000000001,3
15,49,5,1612.79,3
37,24,1,394.7,3
177,10,1,302.46000000000004,1
23,24,3,1280.21,3
176,97,6,1150.29,1
60,9,1,202.65,3
33,29,3,980.31,3
58,43,5,1208.51,3
14,100,20,7501.42,0
86,23,4,2106.84,3
7,1,1,104.0,3
358,30,1,448.65,1
31,53,6,1313.6200000000001,3
128,80,4,1573.41,3
9,86,6,1793.17,0
4,108,6,1843.75,0
24,40,1,366.85,3
227,36,2,600.52,1
15,1,1,49.8,3
249,17,1,304.25,1
15,63,3,1998.94,3
77,65,2,1084.34,3
192,14,2,274.51,1
261,7,1,207.79999999999998,1
71,45,1,957.97,3
165,16,1,233.81,1
82,7,1,896.0,3
95,131,2,686.63,0
4,81,17,5168.02,0
106,29,1,150.35,3
199,55,3,1396.99,1
157,19,1,160.42000000000002,1
71,159,3,1960.95,0
36,30,2,517.36,3
28,8,1,139.10000000000002,3
1,109,6,2621.38,0
25,37,5,600.07,3
326,30,1,216.07,1
236,15,1,232.48000000000002,1
89,13,1,299.34000000000003,3
31,26,1,481.75,3
29,27,2,621.75,3
211,17,2,606.22,1
2,58,10,2019.77,0
226,2,1,298.92,1
22,59,5,1033.31,3
92,19,1,443.0,3
4,116,14,6325.91,0
263,10,1,158.95000000000002,1
3,150,12,5388.66,0
44,141,11,5192.1,0
217,5,1,93.75,1
56,23,2,769.2,3
11,66,20,7276.900000000001,0
9,32,7,2797.6000000000004,3
192,106,5,2054.67,1
81,31,4,582.47,3
325,1,1,440.0,1
71,100,3,1796.48,0
29,42,6,882.24,3
2,40,5,987.1,3
218,80,5,1561.6100000000001,1
46,6,1,422.58,3
9,60,17,2058.09,0
72,72,4,2232.4900000000002,3
7,153,7,2567.06,0
23,3,2,596.1,3
122,39,2,787.22,3
17,8,1,95.34,3
310,21,1,342.92,1
87,16,1,4314.72,3
50,90,2,518.27,3
89,6,1,103.3,3
39,97,8,2274.03,0
24,27,3,2338.6000000000004,3
172,86,6,2580.15,1
43,19,2,324.24,3
140,13,1,149.48,3
25,59,3,1211.08,3
72,44,2,801.51,3
134,1,1,25.5,3
366,7,1,138.9,1
38,11,2,244.9,3
2,99,6,3063.98,0
2,1,3,204.0,3
30,11,1,0.0,3
43,14,1,323.36,3
58,8,1,110.38,3
73,9,1,173.9,3
277,10,1,180.60000000000002,1
180,7,1,80.82,1
7,12,2,176.6,3
3,263,16,2045.53,6
42,59,3,1837.28,3
